Country,Year,Real per Capita GDP Growth Rate (annual %),Real GDP growth (annual %),"Gross domestic product, (constant prices US$)","Gross domestic product, current prices (current US$)",Final consumption expenditure  (current US$),General government final consumption expenditure (current US$),Household final consumption expenditure (current US$),Gross capital formation (current US$)
Malawi,1980,,,3038.14,2236.36,1104.3,238.76,865.54,306.24
Malawi,1981,-13.06,-10.81,2709.74,2236.4,1091.26,221.16,870.1,218.14
Malawi,1982,-0.93,1.44,2748.84,2113.68,1002.45,206.82,795.63,252.58
Malawi,1983,1.56,4.21,2864.7,2203.66,1037.06,200.81,836.26,278.87
Malawi,1984,0.54,3.92,2976.95,2157.88,1028.95,189.62,839.34,155.58
Malawi,1985,0.33,4.71,3117.07,2027.76,985.57,200.1,785.47,210.34
Malawi,1986,-3.27,2.03,3180.43,2124.24,1061.38,233.09,828.29,144.76
Malawi,1987,-6.76,-0.99,3148.93,2218.46,1006.64,226.01,780.63,182.05
Malawi,1988,-2.64,3.29,3252.48,2472.88,1211.61,216.8,994.81,250.07
Malawi,1989,-0.97,4.06,3384.64,2970.41,1449.96,259.76,1190.21,322.01
Malawi,1990,1.11,4.77,3546.12,3166.32,1555.14,283.23,1271.91,355.46
Malawi,1991,5.6,7.8,3822.74,3658.04,1890.64,264.62,1626.02,445.9
Malawi,1992,-8.73,-7.92,3520.05,3285.1,1787.2,253.46,1533.74,358.73
Malawi,1993,10.49,10.77,3899.14,3612.3,2089.71,269.81,1819.9,314.14
Malawi,1994,-11.91,-11.59,3447.28,2134.24,1138.11,466.22,671.88,343.88
Malawi,1995,7.93,9.02,3758.3,2473.66,1353.04,292.77,1060.27,239.83
Malawi,1996,7.72,9.67,4121.81,2976.41,2238.83,318.91,1919.91,271.9
Malawi,1997,1.34,3.79,4278.13,3142.16,2688.61,466.61,2222,301.71
Malawi,1998,-1.55,1.2,4329.57,3214.45,1642.78,257.05,1385.73,232.2
Malawi,1999,-1.58,1.24,4383.25,3208.98,1783.9,238.79,1545.11,263.23
Malawi,2000,-3.77,-1.16,4332.62,3150.38,3018.51,320.3,2698.22,500.15
Malawi,2001,-6.45,-4.08,4156.03,3101.6,2971.78,315.34,2656.44,492.41
Malawi,2002,-0.69,1.76,4229.2,3495.59,3349.28,355.39,2993.89,554.96
Malawi,2003,3.18,5.71,4470.5,3209.17,3035.12,328.23,2706.88,540.74
Malawi,2004,2.84,5.42,4712.83,3476.33,3406.37,425.61,2980.75,588.5
Malawi,2005,0.62,3.27,4866.87,3655.89,3767.93,464.37,3303.56,708.44
Malawi,2006,1.89,4.7,5095.62,3998.31,3984.7,437.35,3547.34,809.94
Malawi,2007,6.58,9.6,5584.8,4432.94,4538.23,541.46,3996.78,527.66
Malawi,2008,4.61,7.64,6011.46,5321.01,5389.83,656.62,4733.21,1304.4
Malawi,2009,5.26,8.33,6512.1,6191.13,6525.84,765,5760.84,826.98
Malawi,2010,3.85,6.87,6959.66,6959.66,7243.97,633.15,6610.82,1128.76
Malawi,2011,0.530214127,3.451496831,7199.869974,8004.003238,7470.210557,741.4916621,6728.718895,1808.930869
Malawi,2012,-0.792272354,2.084742896,7349.968752,7857.639614,7538.046168,550.259461,6987.786707,1531.781461
Malawi,2013,3.32513691,6.3,7813.016783,7208.734054,7273.082221,543.787556,6729.294665,1535.56177
Malawi,2014,3.264483468,6.2,8297.423823,8267.814251,8015.200806,591.459037,7423.741769,1684.248676
Malawi,2015,0.488520369,3.3,8571.23881,8903.49397,8245.115127,594.2851471,7650.82998,1666.20771
Malawi,2016,-0.045537345,2.7,8802.662257,7350.922616,7045.254532,516.496848,6528.757684,1461.242377
Malawi,2017,2.431996634,5.2,9260.400695,8787.3723,8304.720884,601.6668589,7703.054026,1666.764887
Malawi,2018,1.678134721,4.4,9667.858325,9714.632028,9163.239544,681.2779399,8481.961604,1887.307123
Malawi,2019,2.945090021,5.7,10218.92625,10867.85937,9844.8792,762.1527248,9082.726475,2111.350129
Malawi,2020,-1.00119318,1.662362076,10388.8018,11963.36793,11088.09408,913.8386597,10174.25542,2111.385601
Malawi,2021,0.618894572,3.342038965,10735.99961,12357.00567,11197.23585,863.6633489,10333.5725,2340.238912
Malawi,2022,3.400475746,6.206327095,11402.31086,12856.74135,11438.63057,870.0738306,10568.55674,2716.625917
Algeria,1980,,,69983.12,42252.2,24112.63,5824.44,18288.19,16550.57
Algeria,1981,-0.13,3,72082.61,44264.57,26305.61,6106.39,20199.22,16413.14
Algeria,1982,3.13,6.4,76695.9,45094.84,27485.58,6676.55,20809.03,16842.29
Algeria,1983,2.16,5.4,80837.48,48702.2,29417.6,7244.61,22172.99,18338.41
Algeria,1984,2.39,5.6,85364.38,52827.9,33149.25,7899.47,25249.78,18567.96
Algeria,1985,0.61,3.7,88522.86,57866.21,36927.48,9138.19,27789.29,19245.99
Algeria,1986,-2.52,0.4,88876.95,62922.8,44511.09,11247.92,33263.18,21124.25
Algeria,1987,-3.51,-0.7,88254.82,64333.58,43894.7,11958.56,31936.15,19357.74
Algeria,1988,-3.71,-1,87372.26,58655.42,47209.38,11012.87,36196.5,16575.49
Algeria,1989,1.64,4.4,91216.64,55344.48,44198.25,9304.18,34894.07,16923.83
Algeria,1990,-1.75,0.8,91946.38,61751.38,45067.01,10054.88,35012.13,17886.33
Algeria,1991,-3.6,-1.2,90843.02,46565,29622.89,6939.39,22683.5,14439.2
Algeria,1992,-0.56,1.8,92478.2,49105.55,33572.2,8461.45,25110.76,14645.98
Algeria,1993,-4.25,-2.1,90536.15,50846.93,37281.35,9475.23,27806.12,14401.25
Algeria,1994,-2.93,-0.9,89721.33,42330.71,31416.03,7528.42,23887.62,13347.43
Algeria,1995,1.84,3.8,93130.74,41971.49,30025.58,7001.28,23024.29,13568.26
Algeria,1996,2.29,4.1,96949.1,46836.29,32157.72,7404.71,24753.01,11839.51
Algeria,1997,-0.52,1.1,98015.54,48068.46,32754.9,7969.52,24785.38,11393.69
Algeria,1998,3.53,5.1,103014.33,48079.01,35075.5,8573.52,26501.98,13873.24
Algeria,1999,1.75,3.2,106310.79,48531.03,33260.78,8165.36,25095.42,13356.59
Algeria,2000,2.13,3.52,110054.96,53885.66,29720.64,7319.8,22400.84,12697.57
Algeria,2001,1.66,3,113356.6,54744.71,32018.26,8088.57,23929.69,14694.06
Algeria,2002,4.3,5.64,119749.92,56760.36,33756.36,8790.54,24965.82,17398.96
Algeria,2003,5.88,7.24,128419.81,67863.83,37519.5,10046.15,27473.35,20590.34
Algeria,2004,2.97,4.34,133993.23,85327.01,44652.85,11751.79,32901.06,28382.79
Algeria,2005,4.48,5.94,141952.43,103198.22,46657.77,11816.63,34841.14,32668.85
Algeria,2006,0.25,1.74,144422.4,117027.28,50249.38,13144.01,37105.37,35307.67
Algeria,2007,1.85,3.44,149390.53,134977.09,58488.7,15716.05,42772.65,46525.9
Algeria,2008,0.78,2.44,153035.66,171000.69,74196.16,22583.57,51612.59,63866.09
Algeria,2009,-0.1,1.64,155545.45,137053.5,73603.99,22127.68,51476.32,64245.83
Algeria,2010,1.79,3.64,161207.3,161207.3,83097.93,27770.76,55327.18,66788.66
Algeria,2011,0.98020194,2.9,165882.3113,200250.2275,103816.3338,41386.64567,62429.68814,76205.3526
Algeria,2012,1.401777771,3.4,171522.3099,209016.1298,109661.5783,42467.96874,67193.60957,81847.11766
Algeria,2013,0.800900768,2.84,176393.5435,209755.0033,112849.091,40152.87192,72696.2191,91013.95291
Algeria,2014,1.710439118,3.8,183096.4981,213809.9782,120060.9489,42314.59555,77746.35332,97399.92401
Algeria,2015,1.600491351,3.7,189871.0685,165979.119,103854.5669,35785.69478,68068.87213,84285.38873
Algeria,2016,1.10459784,3.2,195946.9427,160034.2108,101466.4386,33430.92542,68035.51314,81261.73974
Algeria,2017,-0.750507346,1.3,198494.253,170096.9845,104632.0515,32234.08003,72397.97152,82571.43561
Algeria,2018,-0.615155452,1.4,201273.1725,175415.1813,103576.0843,30088.01884,73488.06551,82933.95782
Algeria,2019,-1.130741471,0.8,202883.3579,171161.688,103460.8682,29005.0586,74455.8096,78719.17782
Algeria,2020,-6.471538132,-4.737984519,193270.7758,153748.6531,104836.5094,30260.93886,74575.57053,68435.94227
Algeria,2021,1.655698844,3.430470042,199900.8719,160937.1394,102905.6123,30478.44483,72427.16748,74644.08701
Algeria,2022,1.238139394,2.902554993,205703.1046,167661.162,104950.6472,31385.21267,73565.43451,75893.57731
Angola,1980,,,25599.16,7151.26,3743.57,2607.13,1136.44,467.95
Angola,1981,-7.71,-4.4,24472.8,6693.02,3643.29,2517.18,1126.11,434.52
Angola,1982,-3.49,0,24472.8,6693.02,3877.26,2673.98,1203.29,434.52
Angola,1983,0.55,4.2,25500.65,6975.01,4244.94,2931.03,1313.91,467.95
Angola,1984,2.29,6,27030.69,7393.6,4712.88,3242.2,1470.69,534.8
Angola,1985,-0.11,3.5,27976.77,9109.03,5314.53,3208.77,2105.76,1236.71
Angola,1986,-0.4,3.18,28865.36,8548.51,5481.65,3141.92,2339.73,1169.86
Angola,1987,3.31,7,30886.04,9843.78,5548.5,3108.5,2440,1370.41
Angola,1988,1.96,5.57,32607.28,10627.49,6283.84,3643.29,2640.55,1169.86
Angola,1989,-3,0.39,32733.62,12367.08,7186.31,4478.91,2707.4,1136.44
Angola,1990,-3.75,-0.44,32588.08,13661.85,7520.56,2941.37,4579.18,1203.29
Angola,1991,-2.31,0.99,32911.14,16182.94,9852.91,3245.7,6607.22,1827.23
Angola,1992,-8.88,-5.84,30989.7,18586.04,10547.98,2684.51,7863.47,3601.55
Angola,1993,-26.41,-23.98,23557.31,13468.13,7540.37,3620.99,3919.38,2677.65
Angola,1994,-1.88,1.34,23872.83,13860.72,7493.57,2521.1,4972.47,2678.85
Angola,1995,11.36,15,27453.75,6642.23,3703.2,1092.16,2611.03,1394.28
Angola,1996,9.95,13.54,31172.19,8725.77,3391.29,2159.57,1231.72,2264.24
Angola,1997,3.88,7.27,33439.74,10226.79,5754.11,1639.39,4114.72,1947.88
Angola,1998,1.36,4.69,35008.45,8617.79,5274.94,3435.96,1838.98,2290.08
Angola,1999,-1.09,2.18,35772.15,8227.19,6383.63,1541.72,4841.91,2231.47
Angola,2000,-2.61,0.64,36000.28,9146.63,5546.52,1749.75,3796.77,2789.72
Angola,2001,-0.21,3.14,37131.4,11531.9,6992.94,2206.05,4786.89,3517.23
Angola,2002,11.07,14.83,42638.86,15285.6,9268.97,2924.22,6344.74,4661.06
Angola,2003,-0.43,2.99,43913.67,17812.71,11543.96,3892.83,7651.12,5424.17
Angola,2004,7.19,10.95,48723.48,23552.06,13171.62,3370.79,9800.83,7276.1
Angola,2005,11.03,15.03,56046.09,36970.9,17739.32,5926.08,11813.24,10187.92
Angola,2006,7.58,11.55,62518.11,52381.03,23251.24,8036.15,15215.08,12205.18
Angola,2007,9.89,14.01,71276.98,65266.42,30360.58,10140.4,20220.18,16793.43
Angola,2008,7.12,11.17,79235.77,88538.67,40382.99,14887.43,25495.56,27273.52
Angola,2009,-2.81,0.86,79916.18,70307.19,43668.27,13990.14,29678.13,30106.14
Angola,2010,1.08,4.86,83799.48,83799.48,44279.72,14281.4,29998.33,23629.2
Angola,2011,-0.220846526,3.471981378,86708.98714,111789.746,58374.59953,20385.82216,37988.77737,29539.71786
Angola,2012,4.706459278,8.542147334,94115.79658,128364.811,68191.10848,22848.01315,45343.09534,34148.61167
Angola,2013,1.292081748,4.954590476,98778.84887,136806.9697,80897.79507,29559.34274,51338.45233,35740.02513
Angola,2014,1.219836678,4.822625551,103542.5829,138371.0187,90986.18394,26192.7252,64793.45874,40071.52122
Angola,2015,-2.468715169,0.943575613,104519.5854,116588.7334,80379.08511,19093.90718,61285.17793,39741.11966
Angola,2016,-5.816253047,-2.580097243,101822.8785,100855.3209,70692.05044,14036.66597,56655.38446,27520.53321
Angola,2017,-3.409944877,-0.147207422,101672.9877,122441.5511,85631.19404,15797.72438,69833.46966,29468.85905
Angola,2018,-5.162070067,-2.003576755,99635.89131,105902.3958,68725.59038,11601.43418,57124.15619,21675.26972
Angola,2019,-3.771737927,-0.6,99038.07596,86163.75026,55591.14434,11775.75934,43815.385,17691.79169
Angola,2020,-7.544747221,-4.520618406,94560.94247,62462.83388,41536.03638,10249.42476,31286.61162,16530.05988
Angola,2021,-0.103250866,3.140913743,97531.02011,65371.34987,37678.91233,9204.744478,28474.16785,22231.87779
Angola,2022,-0.781758389,2.416199773,99887.5644,69924.8879,37878.61022,9358.947072,28519.66315,25627.6305
Benin,1980,,,2004.7,1484.45,1494.47,121.45,1373.02,212.99
Benin,1981,2.78,5.62,2117.45,1404.27,1450.6,118.24,1332.35,202.41
Benin,1982,7.75,10.78,2345.76,1369.64,1200.72,132.99,1067.74,349.96
Benin,1983,-7,-4.35,2243.82,1183.36,1100.74,157.98,942.76,189.73
Benin,1984,4.9,7.93,2421.75,1135.59,1036.13,143.26,892.86,134.34
Benin,1985,4.47,7.53,2604.08,1129.58,1088.13,160.71,927.42,93.49
Benin,1986,-0.77,2.15,2660.03,1442.81,1369.17,203.87,1165.31,179.9
Benin,1987,-4.34,-1.5,2620.13,1687.77,1605.47,242.9,1362.57,201.97
Benin,1988,0,3.03,2699.64,1749.72,1663.12,213.71,1449.41,253.3
Benin,1989,-3.74,-0.71,2680.53,1622.7,1415.08,276.58,1138.5,193.87
Benin,1990,5.51,8.98,2921.14,1992.95,1828.59,344.36,1484.24,275.58
Benin,1991,0.76,4.23,3044.58,2019.87,1884.37,321.44,1562.93,287.6
Benin,1992,-0.56,2.96,3134.63,2283.48,2170.27,353.76,1816.51,305.89
Benin,1993,2.2,5.84,3317.58,2312.84,2147.06,346.98,1800.09,365.25
Benin,1994,-1.42,2.02,3384.6,1624.97,1437.38,249.83,1187.55,284.49
Benin,1995,6.56,10.13,3727.53,2344.82,1901.52,313.46,1588.06,464.73
Benin,1996,1.1,4.33,3889.01,2551.69,2029.83,319.04,1710.79,414.4
Benin,1997,2.58,5.73,4112.03,2451.38,1946.53,299.71,1646.82,420.65
Benin,1998,0.93,3.96,4274.91,2653.25,2142.13,322,1820.13,445.73
Benin,1999,2.28,5.34,4503.26,2689.78,2183.44,324.41,1859.03,456.43
Benin,2000,2.74,5.85,4766.62,2570.17,2315.95,309.98,2005.97,606.48
Benin,2001,2.2,5.34,5020.94,2680.33,2426.2,322.63,2103.57,698.58
Benin,2002,1.5,4.64,5253.91,3054.57,2728.33,354.38,2373.95,665.7
Benin,2003,0.35,3.44,5434.86,3905.37,3459.35,511.36,2948,866.01
Benin,2004,1.34,4.43,5675.6,4521.42,3915.55,587.56,3327.99,1000.74
Benin,2005,-1.25,1.71,5772.74,4803.7,4329.94,645.54,3684.41,855.58
Benin,2006,0.98,3.95,6000.6,5142.38,4670.6,742.6,3928,975.13
Benin,2007,3,5.99,6359.82,5969.54,5285.78,851.72,4434.06,1437.61
Benin,2008,1.97,4.89,6671.03,7132.79,6449,1097.8,5351.2,1453.32
Benin,2009,-0.52,2.32,6825.75,7097.2,6391.27,1197.2,5194.07,1554.54
Benin,2010,-0.71,2.12,6970.24,6970.24,6293.16,1174.7,5118.46,1612.32
Benin,2011,0.117262815,2.964,7176.838523,10679.32697,9713.250506,957.8456735,8755.404832,1758.066944
Benin,2012,1.919393567,4.811,7522.116224,11148.4141,9773.402437,1240.619784,8532.782653,1703.047785
Benin,2013,4.240935942,7.191,8063.031602,12518.02788,10664.96176,1382.263943,9282.697813,2361.115704
Benin,2014,3.439722579,6.358,8575.679151,13208.26156,11048.72794,1352.730914,9695.997027,2479.223364
Benin,2015,-1.004239748,1.778,8728.154727,11389.30557,9861.271768,1299.677919,8561.593849,2361.208904
Benin,2016,0.525436587,3.34,9019.675095,11817.8039,9868.021372,1214.967,8653.054372,2395.709886
Benin,2017,2.805573676,5.672,9531.271066,12697.17363,10551.98426,1330.534829,9221.449431,3042.296412
Benin,2018,3.818505267,6.697,10169.58029,14257.44946,11528.60504,1484.272546,10044.33249,3762.871789
Benin,2019,4.003169947,6.865686629,10867.7918,14392.29697,11339.75949,1488.460455,9851.299031,3688.717013
Benin,2020,-0.406512016,2.311357047,11118.98528,15600.14174,12939.00771,1881.093449,11057.91426,3878.99382
Benin,2021,2.011785982,4.770425938,11649.40823,17547.25142,14642.98398,2067.539994,12575.44399,4479.604933
Benin,2022,3.768492682,6.549472685,12412.38304,19245.62824,16455.87907,2187.842824,14268.03625,4773.399395
Botswana,1980,,,1697.23,852.42,795.65,203.5,592.15,374.24
Botswana,1981,7.83,11.74,1896.53,974.35,890.41,265.04,625.37,413.93
Botswana,1982,4.78,8.44,2056.53,853.47,820.22,255.46,564.76,328.06
Botswana,1983,8.16,11.9,2301.22,926.39,899.68,298,601.68,292.67
Botswana,1984,9.72,13.61,2614.4,969.84,876.5,297.21,579.28,314.29
Botswana,1985,5.33,9.23,2855.68,837.59,742.59,247.72,494.87,233.91
Botswana,1986,3.34,7.34,3065.21,1119.26,852.69,301.02,551.68,270
Botswana,1987,4.11,8.22,3317.32,1542,959.08,457.79,501.29,494.52
Botswana,1988,8,12.22,3722.8,1788,1052.29,612.1,440.18,726.05
Botswana,1989,28.52,33.27,4961.47,3020.19,1398.24,654.72,743.52,1014.09
Botswana,1990,3.61,7.13,5315.06,3721.28,1859.89,804.21,1055.68,1312.58
Botswana,1991,4.22,7.42,5709.66,3867.41,2295.74,951.1,1344.64,1428.53
Botswana,1992,0.19,3,5881.01,4069.18,2488.42,976.16,1512.26,1228.67
Botswana,1993,-0.67,1.92,5993.69,4082.61,2593.23,1145.08,1448.16,1228.42
Botswana,1994,1.1,3.63,6211.26,4259.26,2690.65,1193.88,1496.77,1181.78
Botswana,1995,4.47,7.03,6647.94,4730.6,2863.9,1299.91,1563.99,1154.1
Botswana,1996,3.33,5.83,7035.5,4847.76,2861.18,1314.46,1546.72,1105.91
Botswana,1997,5.52,8.03,7600.2,5020.27,2872.02,1350.83,1521.19,1320.17
Botswana,1998,-1.54,0.72,7655.08,4790.48,2930.45,1384.58,1545.86,1537.75
Botswana,1999,7.32,9.67,8395.11,5484.26,3484.01,1486.69,1997.31,1863.82
Botswana,2000,-0.05,2.01,8563.54,5787.83,3397.99,1441.33,1956.66,1710.37
Botswana,2001,-1.63,0.25,8584.99,5489.39,3311.29,1289.27,2022.02,1640.68
Botswana,2002,4.21,6.07,9106.06,5438.85,3117.93,1217.17,1900.76,1642.2
Botswana,2003,2.83,4.63,9527.29,7511.92,4359.73,1653.28,2706.45,2264.32
Botswana,2004,0.9,2.71,9785.08,8955.71,5232.27,1838.82,3393.45,2819.23
Botswana,2005,2.61,4.56,10230.96,9918.82,5506.07,1924.32,3581.74,2693
Botswana,2006,6.19,8.36,11086.67,10137.86,5445.04,1727.27,3717.78,2626.17
Botswana,2007,5.99,8.28,12004.3,10938,6043.37,1924.52,4118.84,3368.07
Botswana,2008,4.02,6.25,12754.01,10945.14,6882.92,2227.47,4655.45,3960.72
Botswana,2009,-9.44,-7.65,11778.03,10267.07,7197.53,2165.28,5032.24,3997
Botswana,2010,6.73,8.56,12786.65,12786.65,8613.85,2526.2,6087.65,5295.21
Botswana,2011,4.511668386,6,13553.85093,15351.90645,9989.350853,2838.058086,7151.292767,5922.05693
Botswana,2012,3.21914527,4.456144528,14157.83011,16110.28337,11932.97969,3107.903542,8825.076146,6135.252052
Botswana,2013,10.1022101,11.34339691,15763.80898,14914.98803,10455.2938,2766.4778,7688.816001,4386.360112
Botswana,2014,2.849277604,4.149262219,16417.89075,16259.31086,11178.6131,3241.158854,7937.454248,4584.975368
Botswana,2015,-3.185781769,-1.697935367,16139.12557,14445.09202,10646.10495,2972.433767,7673.671186,4709.558994
Botswana,2016,2.410252078,4.303767473,16833.71601,15658.10293,10116.41924,2848.875525,7267.54372,4232.673909
Botswana,2017,0.796852239,2.903997651,17322.56673,17383.34533,11930.11514,3203.477878,8726.637262,4803.439907
Botswana,2018,2.208182224,4.478836545,18098.41618,18663.50505,12952.4218,3397.424675,9554.997121,5493.160284
Botswana,2019,0.74790606,2.966125666,18635.23794,18473.75713,13315.39401,3404.464072,9910.929934,6439.592971
Botswana,2020,-10.75587613,-8.899090769,16976.8712,15747.39051,11849.10597,3197.090743,8652.015224,5722.543011
Botswana,2021,5.417940337,7.462709312,18243.80575,17009.97066,11951.4497,3154.359718,8797.089978,6385.88588
Botswana,2022,3.618967334,5.517420041,19250.39315,18895.48525,13056.80857,3321.869562,9734.939011,7359.431612
Burkina Faso,1980,,,2389.69,1933.17,2067.68,178,1889.68,291.37
Burkina Faso,1981,4.44,6.92,2555.11,1791.48,1918.41,164.34,1754.07,250.94
Burkina Faso,1982,-1.03,1.42,2591.52,1643.15,1850.98,241.87,1609.11,314.51
Burkina Faso,1983,-7.16,-4.79,2467.3,1501.3,1673.22,230.07,1443.14,274.16
Burkina Faso,1984,-4.6,-2.13,2414.86,1342.1,1512.88,190.42,1322.46,206.82
Burkina Faso,1985,5.76,8.52,2620.54,1568.52,1628.03,187.25,1440.78,347.47
Burkina Faso,1986,5.19,7.95,2828.87,2057.31,2173.09,270.65,1902.44,403.79
Burkina Faso,1987,-2.8,-0.24,2822.14,2394.15,2465.46,321.95,2143.51,451.23
Burkina Faso,1988,3.06,5.8,2985.79,2643.02,2626.36,339.29,2287.06,470.93
Burkina Faso,1989,-0.51,2.15,3050.12,2642.53,2539.57,330.02,2209.55,511.05
Burkina Faso,1990,-3.22,-0.61,3031.54,3133.31,2941.09,671.98,2269.11,586.11
Burkina Faso,1991,6.19,9.07,3306.63,3167.25,2892.2,698.7,2193.49,665.97
Burkina Faso,1992,-2.44,0.23,3314.16,3391.28,3087.09,748.52,2338.57,647.13
Burkina Faso,1993,0.7,3.47,3429.09,3232.51,2975.67,701.01,2274.66,617.13
Burkina Faso,1994,-1.41,1.31,3474.04,1914.85,1816.67,506.35,1310.32,515.04
Burkina Faso,1995,2.85,5.72,3672.68,2403.94,2106.85,599.61,1507.24,569.31
Burkina Faso,1996,7.99,11.01,4077.22,2613.1,2382.43,630.85,1751.58,645.21
Burkina Faso,1997,3.4,6.32,4334.77,2472.79,2163.73,580.91,1582.82,670.46
Burkina Faso,1998,4.34,7.31,4651.54,2833.69,2556.64,625.42,1931.22,678.07
Burkina Faso,1999,3.29,6.24,4941.88,3012.65,2871.99,564.16,2307.83,551.68
Burkina Faso,2000,-0.96,1.9,5035.53,2632.7,2511.04,543.85,1967.19,528.34
Burkina Faso,2001,3.61,6.61,5368.55,2812.85,2815.48,725.54,2089.93,387.86
Burkina Faso,2002,1.39,4.35,5602.24,3205.65,3044.85,679.08,2365.76,562.13
Burkina Faso,2003,4.95,8.04,6052.52,4205.61,3869.4,835.77,3033.64,896.07
Burkina Faso,2004,1.47,4.48,6323.97,4838.49,4490.53,1005.19,3485.34,1048.18
Burkina Faso,2005,5.56,8.73,6875.95,5462.7,5023.05,1079.88,3943.18,1316.29
Burkina Faso,2006,2.91,6.03,7290.73,5816.33,5415.29,1260.88,4154.41,1214.21
Burkina Faso,2007,1.34,4.44,7614.5,6771.18,6234.81,1615.11,4619.7,1506.36
Burkina Faso,2008,2.48,5.63,8042.89,8369.71,7613.35,1788.05,5825.3,2126.82
Burkina Faso,2009,-0.11,2.96,8281.25,8369.15,7544.69,1810.51,5734.18,2081.59
Burkina Faso,2010,5.21,8.44,8980.02,8980.02,7497.02,1853.51,5643.51,2418.24
Burkina Faso,2011,3.440189746,6.6,9572.706573,10724.06102,8598.500462,2205.439147,6393.061315,2999.208796
Burkina Faso,2012,3.309183429,6.452672379,10190.40197,13096.21726,10481.33576,1791.74098,8689.59478,3625.739372
Burkina Faso,2013,2.684810298,5.792584844,10780.68965,14140.98664,11585.54352,1970.479257,9615.06426,3884.018709
Burkina Faso,2014,1.282086117,4.326845615,11247.15344,14465.1751,11951.96043,2158.2967,9793.66373,3204.904483
Burkina Faso,2015,0.911036926,3.921228794,11688.18006,12072.98148,10350.2732,1886.661592,8463.611604,2536.122811
Burkina Faso,2016,2.913672411,5.957976708,12384.55911,12649.5813,10939.447,2117.853468,8821.593535,2487.779927
Burkina Faso,2017,3.177410238,6.203489411,13152.83392,14081.96552,11888.34142,2501.635506,9386.705919,3091.077869
Burkina Faso,2018,3.714710601,6.731235609,14038.18216,15912.07524,13065.70426,2730.416614,10335.28765,3496.2385
Burkina Faso,2019,2.735099721,5.699434933,14838.27922,15991.39561,13278.37273,3041.355886,10237.01684,3670.449956
Burkina Faso,2020,-2.984377542,-0.206371757,14807.6572,18966.13379,15979.68557,3825.043742,12154.64183,3647.878919
Burkina Faso,2021,2.239218714,5.143644235,15569.31041,21607.47481,18181.76678,4448.707138,13733.05965,4170.263172
Burkina Faso,2022,2.290745492,5.173079029,16374.72314,23378.11354,19473.05034,4767.423881,14705.62646,4626.878475
Burundi,1980,,,1149.64,951.19,931.99,152.73,779.26,131.96
Burundi,1981,8.07,10.91,1275.1,993.14,948.96,173.14,775.81,159.74
Burundi,1982,-3,-0.43,1269.61,1045.49,1023.08,202.03,821.04,182.54
Burundi,1983,0.41,3.11,1309.08,1106.98,1053.6,219.63,833.97,198.58
Burundi,1984,-2.77,-0.1,1307.77,1006.2,949.1,176.53,772.57,181.89
Burundi,1985,8.64,11.69,1460.6,1171.15,1095.95,188.85,907.09,167.25
Burundi,1986,0.93,3.82,1516.39,1233.6,1126.31,212.42,913.89,193.63
Burundi,1987,1.19,4.09,1578.47,1162.07,1097.29,231.22,866.07,201.32
Burundi,1988,2.02,4.89,1655.7,1089.12,1038.42,224.3,814.12,154.36
Burundi,1989,-1.16,1.48,1680.26,1131.61,1084.01,230.34,853.67,185.05
Burundi,1990,0.99,3.5,1739.06,1148.32,1253.61,198.75,1054.86,111.76
Burundi,1991,2.95,5.33,1831.81,1167.4,1208.12,208.46,999.67,109.14
Burundi,1992,-0.35,1.81,1864.89,1086.8,1106.32,208.48,897.84,115.14
Burundi,1993,-8.83,-7.03,1733.82,974.86,930.95,169.34,761.6,108.61
Burundi,1994,-4.74,-3.08,1680.34,1068.82,994.67,153.43,841.24,64.13
Burundi,1995,-8.39,-7.02,1562.36,1000.43,1041.63,178.97,862.65,63.5
Burundi,1996,-9.71,-8.61,1427.87,868.96,874.8,165.19,709.61,71.28
Burundi,1997,-0.64,0.38,1433.29,972.85,950.1,144.59,805.51,59.37
Burundi,1998,3.42,4.49,1497.64,893.69,926.21,153.13,773.08,60.5
Burundi,1999,-2.29,-1,1482.67,808.15,819.6,146.74,672.86,47.53
Burundi,2000,-3.17,-1.45,1461.24,709.11,760.09,124.4,635.7,35.34
Burundi,2001,-0.24,2.06,1491.28,662.35,717.7,131.55,586.15,37.64
Burundi,2002,1.66,4.45,1557.59,628.08,693.75,120.06,573.69,35.87
Burundi,2003,-4.16,-1.22,1538.53,595,646.54,135.18,511.36,63.13
Burundi,2004,1.56,4.83,1612.89,664.5,739.67,173.62,566.05,86.56
Burundi,2005,-2.29,0.91,1627.53,1117.11,1194.17,185.42,1008.74,150.35
Burundi,2006,2.05,5.42,1715.7,1273.38,1412.19,215.32,1196.87,214.94
Burundi,2007,0.15,3.5,1775.75,1356.2,1490.71,258.32,1232.39,210.58
Burundi,2008,1.46,4.86,1862.08,1611.84,1831.86,325.17,1506.69,170.82
Burundi,2009,0.46,3.81,1933.08,1781.46,1895.55,345.36,1550.18,287.22
Burundi,2010,1.76,5.12,2032.14,2032.14,2018.16,362.38,1655.78,337.68
Burundi,2011,0.748442779,4.032602496,2114.083126,2235.820809,2440.011947,413.1401293,2026.871818,364.7686362
Burundi,2012,1.152801237,4.4,2207.102783,2327.374633,2511.532667,446.7226948,2064.809973,380.1025039
Burundi,2013,1.663999683,4.9,2315.25082,2451.62528,2790.080751,513.3770857,2276.703665,359.3031275
Burundi,2014,0.982134147,4.2,2412.491354,2705.826649,3014.240118,565.237303,2449.002815,386.0090171
Burundi,2015,-3.495149089,-0.4,2402.841389,2810.532912,3062.768054,518.176642,2544.591412,381.5596641
Burundi,2016,-0.027117099,3.2,2479.732313,2930.089366,3047.00577,533.5711178,2513.434652,426.5620845
Burundi,2017,0.54973405,3.8,2573.962141,3297.826848,3425.022339,599.576069,2825.44627,487.1163728
Burundi,2018,0.951912643,4.2,2682.068551,3324.512805,3450.878794,608.7817254,2842.097069,493.3677767
Burundi,2019,0.89314097,4.1,2792.033362,3369.812935,3585.622139,633.7236743,2951.898464,485.327378
Burundi,2020,-6.204538185,-3.274460034,2700.609345,3122.063569,3229.32136,618.2129581,2611.108402,455.5833654
Burundi,2021,0.442681949,3.522909757,2795.749375,3217.360179,3291.781746,676.5602348,2615.221511,512.8505178
Burundi,2022,-0.854995125,2.133463856,2855.395678,3386.800215,3447.168458,730.6051456,2716.563313,556.632572
Cameroon,1980,,,13076.68,10089.59,5998.99,715.13,5283.86,1631.48
Cameroon,1981,4.07,7.29,14030.09,9469.03,6485.32,741.4,5743.92,2394.79
Cameroon,1982,4.19,7.45,15075.09,9500.8,6445.94,706.03,5739.91,2094.5
Cameroon,1983,5.08,8.4,16341.85,9913.43,6186,765.93,5420.07,2212
Cameroon,1984,4.71,8.05,17656.69,9765.38,6369.9,817.91,5551.99,2334.74
Cameroon,1985,-0.83,2.35,18071.94,9597.11,6733.63,772.67,5960.96,2338.89
Cameroon,1986,-8.22,-5.26,17121.97,11734.31,8814.56,1269.2,7545.37,3125.88
Cameroon,1987,-8.56,-5.6,16162.46,12790.64,10802.43,1576.32,9226.1,3504.88
Cameroon,1988,-6.77,-3.77,15552.56,12502.9,11103.54,1412.89,9690.65,3011.95
Cameroon,1989,-6.12,-3.15,15063.26,11523.06,10114,1264.88,8849.12,2196.85
Cameroon,1990,-8.98,-6.16,14135.2,12814.21,10010.17,1499.05,8511.12,2291.24
Cameroon,1991,-6.6,-3.76,13603.14,12311.51,11098.78,1739.84,9358.94,2389.76
Cameroon,1992,-5.85,-3.05,13188.22,12548.71,10575.58,1539.18,9036.39,1768.09
Cameroon,1993,-5.9,-3.16,12771.73,13269.96,11599.01,1678.52,9920.49,1850
Cameroon,1994,-0.71,2.12,13042.99,7695.54,7672.5,864.94,6807.56,1159.1
Cameroon,1995,0.66,3.47,13495.56,9641.31,7067.12,757.71,6309.41,1161.21
Cameroon,1996,1.59,4.36,14084.11,10327.64,7860.79,892.92,6967.87,1385.91
Cameroon,1997,2.49,5.23,14820.88,9868.8,8049.69,895.5,7154.19,1488.92
Cameroon,1998,1.81,4.5,15488.16,10631.32,7822.21,875.58,6946.63,1448.82
Cameroon,1999,1.61,4.29,16152.93,10841.52,8473.33,991.88,7481.45,1558.2
Cameroon,2000,7.17,10.01,17770.52,9299.31,7410.4,879.42,6530.98,1554.93
Cameroon,2001,1.65,4.37,18546.75,9633.11,7801.18,986.09,6815.09,1956.61
Cameroon,2002,1.51,4.24,19332.61,10879.78,8811.96,1112.11,7699.85,2153.02
Cameroon,2003,1.81,4.57,20215.56,13621.74,11193.85,1358.71,9835.14,2383.32
Cameroon,2004,3.94,6.78,21586.4,15775.36,12860.16,1603.44,11256.72,2983.05
Cameroon,2005,-0.71,2.02,22022.57,16587.86,13593.53,1653.3,11940.23,3162.94
Cameroon,2006,0.67,3.46,22784.04,17953.06,14566.08,1723.69,12842.39,3018.8
Cameroon,2007,2.06,4.9,23900.96,20431.84,17054.59,2072.96,14981.63,3592.4
Cameroon,2008,0.68,3.49,24734.82,26409.78,21062.87,2932.85,18130.02,6367.45
Cameroon,2009,-0.58,2.2,25278.65,26017.93,20589.2,3018.85,17570.35,6156.4
Cameroon,2010,0.62,3.42,26143.82,26143.82,20751.98,2977.69,17774.29,6066.84
Cameroon,2011,1.314427049,4.129277161,1732.620874,29337.00596,23742.00152,3553.04598,20188.95554,7083.021858
Cameroon,2012,1.726558235,4.543265016,1811.338432,29121.19984,23698.54445,3558.076729,20140.46772,6631.392798
Cameroon,2013,2.577724467,5.40426571,1909.227974,32357.81551,26345.49209,3988.61148,22356.88061,7458.701139
Cameroon,2014,3.061844671,5.884059327,2021.568081,34998.50926,28394.97165,4253.680954,24141.2907,8419.486393
Cameroon,2015,2.855739261,5.651463744,2135.816268,30931.78539,25659.09948,3797.427038,21861.67244,6927.497621
Cameroon,2016,1.900973267,4.648481551,2235.099293,32634.68892,26798.84576,3956.872344,22841.97342,7378.099436
Cameroon,2017,0.853421657,3.549087318,2314.424919,34996.90557,28379.78686,3898.318474,24481.46839,8024.741149
Cameroon,2018,1.37926634,4.062486841,2408.448127,38711.70652,31584.3203,4299.603422,27284.71688,8824.50979
Cameroon,2019,1.074769834,3.720711422,2498.059531,39009.00863,31926.57806,4236.707058,27689.871,8813.785704
Cameroon,2020,-4.816325937,-2.353699725,2439.262711,39786.63493,33841.94931,4897.396085,28944.55323,8046.068496
Cameroon,2021,0.915930487,3.494922516,2524.513052,44983.9125,37707.18909,5535.997753,32171.19134,9213.557549
Cameroon,2022,1.434036858,3.994763076,2625.361368,48113.56931,39807.08676,5896.510559,33910.5762,10006.39222
Cabo Verde,1980,,,312.13,161.77,153.7,20.97,132.73,59.53
Cabo Verde,1981,6.64,8.45,338.5,158.63,144.93,21.12,123.81,63.21
Cabo Verde,1982,0.88,2.83,348.06,159.96,145.41,26.86,118.55,74.37
Cabo Verde,1983,7.34,9.52,381.21,157.52,144.5,28.67,115.82,67.65
Cabo Verde,1984,1.78,3.78,395.62,150.19,146.44,30.28,116.16,58.14
Cabo Verde,1985,6.71,8.64,429.82,156.69,153.5,32.73,120.77,62.15
Cabo Verde,1986,1.27,2.87,442.16,216.9,213.61,52.33,161.29,87.37
Cabo Verde,1987,2.84,4.31,461.21,268.57,246.35,50.69,195.66,101.86
Cabo Verde,1988,4.5,6,488.87,301.78,279.98,51.25,228.73,98.46
Cabo Verde,1989,3.96,5.7,516.73,305.2,280.61,51.13,229.48,102.72
Cabo Verde,1990,-1.33,0.69,520.28,350.33,332.23,58.29,273.93,134.45
Cabo Verde,1991,-1.02,1.41,527.6,365.19,362.69,64.45,298.24,111.38
Cabo Verde,1992,0.28,3.04,543.66,407.65,398.43,79.43,319.01,136.36
Cabo Verde,1993,4.3,7.31,583.42,411.17,386.21,84.17,302.04,141.03
Cabo Verde,1994,3.99,6.93,623.84,465.19,427.62,88.27,339.35,181.5
Cabo Verde,1995,4.74,7.49,670.56,557.95,535.03,111.73,423.3,200.14
Cabo Verde,1996,4.2,6.7,715.47,574.16,539.88,97.6,442.28,181.87
Cabo Verde,1997,5.31,7.64,770.12,561.06,523.86,106.78,417.07,199.87
Cabo Verde,1998,6.24,8.41,834.91,597.83,561.44,102.17,459.27,163.8
Cabo Verde,1999,9.75,11.86,933.95,678.76,604.43,115.69,488.74,225.35
Cabo Verde,2000,5.3,7.24,1001.56,654.64,539.22,117.97,421.25,205.31
Cabo Verde,2001,4.31,6.14,1063.04,654.53,543.54,113.83,429.71,208.26
Cabo Verde,2002,3.56,5.28,1119.19,713.56,607.63,129.53,478.1,248.25
Cabo Verde,2003,3.06,4.68,1171.61,944.14,781.06,171.15,609.91,341.36
Cabo Verde,2004,2.75,4.28,1221.75,1073.63,873.3,201.26,672.05,485.31
Cabo Verde,2005,5.04,6.52,1301.42,1119.8,937.11,215.45,721.66,458.8
Cabo Verde,2006,8.7,10.14,1433.41,1261.29,1062.72,230.9,831.82,515.02
Cabo Verde,2007,7.3,8.65,1557.38,1513.04,1216.47,264.17,952.3,753.35
Cabo Verde,2008,5.37,6.65,1660.96,1787.97,1388.49,301.83,1086.65,867.79
Cabo Verde,2009,-2.45,-1.27,1639.86,1697.74,1393.71,308.71,1084.99,743.43
Cabo Verde,2010,0.23,1.47,1663.91,1663.91,1355.26,306.64,1048.63,792.81
Cabo Verde,2011,2.67609307,3.968886401,27181.43578,1865.918132,1517.027083,345.6355981,1171.391485,886.4739524
Cabo Verde,2012,-0.194764011,1.08126859,27475.34011,1741.810734,1432.11696,300.777968,1131.338992,647.8407797
Cabo Verde,2013,-0.479008612,0.803919564,27696.21975,1850.470042,1530.794282,323.0534013,1207.740881,585.2959883
Cabo Verde,2014,-0.654951906,0.611350549,27865.54074,1859.898513,1549.666225,343.1845776,1206.481647,688.241045
Cabo Verde,2015,-0.239292601,1.006486728,28146.00371,1596.80039,1342.344023,301.0325449,1041.311478,482.0196537
Cabo Verde,2016,3.443496927,4.705731413,29470.47904,1663.008459,1359.4663,287.5438196,1071.92248,565.1746944
Cabo Verde,2017,2.476343769,3.701863185,30561.43586,1769.786493,1473.24415,318.4482963,1154.795853,676.2950062
Cabo Verde,2018,3.325626637,4.530744337,31946.09638,1966.501562,1561.541601,350.0109416,1211.530659,774.9089585
Cabo Verde,2019,4.483048419,5.668209421,33756.86803,1981.846171,1569.420218,349.0687608,1220.351457,699.5097727
Cabo Verde,2020,-9.884126318,-8.89240681,30755.07,1918.783508,1590.669727,391.8245909,1198.845136,695.2962878
Cabo Verde,2021,3.281754704,4.379799177,32102.0803,2123.758085,1732.0789,421.6497694,1310.429131,736.1306041
Cabo Verde,2022,3.745111561,4.812292339,33646.92625,2266.617854,1825.62154,427.4924819,1398.129058,759.0846907
Central African Republic,1980,,,1406.86,1163.14,867.6,120.69,746.91,55.85
Central African Republic,1981,-1.37,1.55,1428.64,1039.13,701.31,104.15,597.17,60.72
Central African Republic,1982,-1.29,1.8,1454.3,977.08,788.55,118.99,669.57,49.91
Central African Republic,1983,-8.94,-6.1,1365.63,860.01,662.86,111.27,551.59,77.94
Central African Republic,1984,4.19,7.23,1464.3,823.72,636.55,90.86,545.69,78.5
Central African Republic,1985,0.74,3.34,1513.15,904.88,835.24,130.84,704.4,133.05
Central African Republic,1986,1.36,3.58,1567.29,1174.21,1133.84,174.93,958.91,143.42
Central African Republic,1987,-6.69,-4.93,1490.01,1256.59,1215.73,209.73,1006,151.7
Central African Republic,1988,0.3,2.08,1521.07,1323.45,1283.13,204.05,1079.08,132.93
Central African Republic,1989,0.54,2.48,1558.72,1291.05,1239.38,194.97,1044.41,146.05
Central African Republic,1990,-3.68,-1.55,1534.64,1507.4,1495.72,221.58,1274.15,183.09
Central African Republic,1991,-1.34,1.18,1552.74,1441.13,1368.1,229.06,1139.04,174.21
Central African Republic,1992,-4.02,-1.33,1532.08,1477.27,1440.57,241.81,1198.76,174.41
Central African Republic,1993,-3.19,-0.35,1526.74,1337.98,1275.15,195.01,1080.13,132.1
Central African Republic,1994,2.2,5.18,1605.77,890.57,801.93,149.27,652.66,99.8
Central African Republic,1995,2.29,5.15,1688.52,1167.02,1052.39,170.53,881.86,151.46
Central African Republic,1996,-9.94,-7.55,1561.07,1054.44,1063.9,102.8,961.1,46.05
Central African Republic,1997,3.49,6.12,1656.62,981.15,957.18,109.12,848.07,98.11
Central African Republic,1998,2.05,4.55,1732.04,1012.12,991.68,121.48,870.2,141.79
Central African Republic,1999,3.48,5.94,1834.89,1045.74,977.3,154.98,822.32,121.71
Central African Republic,2000,-7.22,-5.07,1741.87,960.65,901.5,156.44,745.07,106.37
Central African Republic,2001,0.35,2.6,1787.16,932.49,887.49,130.64,756.85,95.49
Central African Republic,2002,-1.72,0.4,1794.31,995.05,940.9,137.61,803.3,95.77
Central African Republic,2003,-6.64,-4.7,1709.98,1136.21,1060.7,117.69,943.02,72.77
Central African Republic,2004,0.59,2.63,1754.98,1269.62,1249.76,132.45,1117.31,86.49
Central African Republic,2005,0.48,2.47,1798.29,1348.02,1327.74,140.46,1187.27,131.71
Central African Republic,2006,2.74,4.77,1884.09,1460.56,1415.37,135.07,1280.3,148.14
Central African Republic,2007,2.62,4.61,1970.9,1697.57,1655.75,145.13,1510.62,169.89
Central African Republic,2008,0.25,2.05,2011.39,1985.37,1957.06,155.37,1801.69,230.37
Central African Republic,2009,0.2,1.71,2045.77,2059.09,2030.41,242.14,1788.26,271.89
Central African Republic,2010,3.46,4.63,2140.5,2140.5,2019.25,257.82,1761.42,360.54
Central African Republic,2011,2.509946884,3.254661329,2210.169227,2434.79234,2301.159095,269.0297019,2032.129393,333.7726429
Central African Republic,2012,3.566399326,3.983113126,2298.202767,2511.716039,2489.743735,274.2765277,2215.467207,272.118691
Central African Republic,2013,-36.82676215,-36.66260688,1455.621721,1691.568763,1707.436591,293.6428914,1413.793699,127.1268736
Central African Republic,2014,0.615121724,0.982276535,1469.919952,1895.301725,1852.709104,294.3580565,1558.351047,416.7918357
Central African Republic,2015,4.080910644,4.756920434,1539.842874,1695.995722,1648.583199,250.614121,1397.969078,369.8186885
Central African Republic,2016,3.454427502,4.47940036,1608.818602,1824.516228,1795.751238,262.8780368,1532.873201,409.8492391
Central African Republic,2017,3.153250604,4.47940036,1680.884028,2071.618674,2009.941345,291.4153097,1718.526035,530.3603006
Central African Republic,2018,2.235226069,3.8,1744.757621,2221.986299,2270.754776,315.582988,1955.171788,575.5296372
Central African Republic,2019,2.764266514,4.5,1823.271714,2117.250294,2085.907157,309.0576451,1776.849512,498.665272
Central African Republic,2020,-1.348995079,0.409439903,1830.736916,2278.147193,2205.870511,355.8941754,1849.976336,547.0632567
Central African Republic,2021,1.43996101,3.334732465,1891.787094,2512.623534,2416.158246,392.6276671,2023.530579,607.4459855
Central African Republic,2022,3.085183292,5.111213061,1988.480363,2697.802113,2589.844624,419.7875414,2170.057083,665.3380046
Chad,1980,,,2181.26,789.07,1120.1,42.48,1077.62,124.49
Chad,1981,-12.71,-10.81,1945.57,927.05,907.72,58.07,849.65,89.31
Chad,1982,3.02,5.38,2050.17,866.82,843.88,76.2,767.68,85.44
Chad,1983,12.93,15.66,2371.2,927.82,852.37,84.07,768.3,73.68
Chad,1984,2.43,5.09,2491.78,999.74,889,108.71,780.29,77.44
Chad,1985,4.96,7.88,2688.18,986.89,971.03,133.69,837.34,84.21
Chad,1986,2.87,5.94,2847.78,1214.84,1204.95,175.39,1029.56,65.09
Chad,1987,0.49,3.66,2951.99,1379.24,1293.99,220.79,1073.2,186.16
Chad,1988,4.23,7.64,3177.49,1611.36,1436.2,245.46,1190.74,234.15
Chad,1989,-1.42,1.83,3235.62,1522.88,1434.22,234.06,1200.16,148.11
Chad,1990,-0.03,3.24,3340.6,1833.68,1694.57,324.31,1370.26,226.51
Chad,1991,0.53,3.8,3467.48,1820.03,1662.46,340.2,1322.26,238.89
Chad,1992,-0.91,2.3,3547.22,1896.09,1799.99,321.98,1478,190.48
Chad,1993,-4.85,-1.75,3485.12,1654.09,1649.22,311.12,1338.1,146.47
Chad,1994,2.33,5.71,3684.17,1341.88,1163.01,217.6,945.4,225.5
Chad,1995,-1.92,1.4,3735.7,1643.28,1501.76,232.24,1269.52,148.32
Chad,1996,-1.25,2.14,3815.6,1837.28,1638.64,267.1,1371.55,279.65
Chad,1997,2.09,5.64,4030.89,1754.82,1590.46,210.6,1379.86,224.28
Chad,1998,3.25,6.92,4309.73,1999.33,1790.56,222.92,1567.63,250.83
Chad,1999,-4,-0.5,4288.17,1738.9,1697.41,243.74,1453.67,161.62
Chad,2000,2.1,5.93,4542.63,1385.8,1308.98,104.69,1204.29,323.13
Chad,2001,7.37,11.51,5065.45,1710.06,1530.63,123.8,1406.83,777.36
Chad,2002,4.41,8.51,5496.72,1987.56,1788.23,152.31,1635.92,2118.22
Chad,2003,9.95,14.27,6281.02,2721.57,2192.77,186.23,2006.54,1534.72
Chad,2004,28.78,33.73,8399.8,3279.05,2214.71,216.71,1998,1446.87
Chad,2005,4.67,8.56,9119.17,6680.62,4956.7,514.63,4442.07,1290.88
Chad,2006,-2.82,0.65,9178.28,7453.14,5575.29,610.92,4964.37,1676.12
Chad,2007,-0.17,3.27,9478.55,8397.41,6247.64,846.28,5401.36,1817.97
Chad,2008,-5.06,-1.85,9302.91,10371.31,7729.36,1056.85,6672.51,2057.35
Chad,2009,-0.77,2.57,9542.32,9424.52,8081.66,1109.04,6972.61,2156.89
Chad,2010,11.19,14.96,10969.62,10969.62,8118.49,1114.14,7004.35,2652.01
Chad,2011,-3.227486544,0.082869799,10978.70904,12976.13839,9804.977175,1223.35938,8581.617794,2497.931245
Chad,2012,5.200707309,8.80720256,11945.62619,12069.16184,9511.81843,1507.120672,8004.697758,3769.283637
Chad,2013,2.268214153,5.753344668,12632.89924,12058.4772,10044.10903,1563.217435,8480.891593,3267.036834
Chad,2014,3.426256294,6.892979905,13503.68244,12837.78238,10676.39476,1176.871769,9499.522993,3906.365445
Chad,2015,-1.457247848,1.769502342,13742.63042,9746.922169,9250.466141,852.9384057,8397.527735,2301.899553
Chad,2016,-8.480542381,-5.557537645,12978.87856,9620.752732,9284.260694,886.1422313,8398.118463,1989.388604
Chad,2017,-5.338145808,-2.379695521,12670.02077,9321.256322,8483.182164,829.7332286,7653.448935,2362.690992
Chad,2018,-0.744294352,2.302602548,12961.76099,9951.257588,8497.120147,928.782472,7568.337675,2411.096409
Chad,2019,-0.068973581,2.960045809,13345.43505,9676.484726,8416.746866,848.1079015,7568.638964,2323.872619
Chad,2020,-3.494931255,-0.596258821,13265.86172,9099.078216,8322.59769,886.1860555,7436.411634,1912.109515
Chad,2021,3.044682986,6.113094997,14076.81645,9815.493996,8726.22636,938.2072746,7788.019085,2028.50906
Chad,2022,1.95238594,4.957588124,14774.68703,10517.73494,8990.920488,983.4201099,8007.500378,2028.356403
Comoros,1980,,,429.86,258.77,139.91,38.36,101.55,39.6
Comoros,1981,0.67,3.86,446.48,239.43,126.67,35.02,91.65,28.51
Comoros,1982,3.34,6.38,474.98,224.38,117.58,32.52,85.06,30.32
Comoros,1983,1.97,4.82,497.88,233.66,113.14,31.06,82.09,33.05
Comoros,1984,1.29,4.11,518.34,225.22,110.57,29.82,80.74,35.28
Comoros,1985,-0.83,2,528.71,239.89,115.39,31.68,83.71,37.74
Comoros,1986,-0.91,2,539.28,340.45,164.91,44.91,120,38.61
Comoros,1987,-1.3,1.64,548.12,411.58,200.12,53.61,146.51,49.59
Comoros,1988,-0.31,2.69,562.85,434.71,211.53,56.31,155.22,45.3
Comoros,1989,-4.51,-1.64,553.64,416.39,209.53,54.88,154.65,37.7
Comoros,1990,-2.08,0.85,558.36,510.76,247.89,62.71,185.17,49.17
Comoros,1991,-1.17,1.78,568.3,514.32,239.53,54.52,185.02,50.09
Comoros,1992,5.4,8.53,616.78,554.68,260.18,55.5,204.67,59.19
Comoros,1993,0.07,3.01,635.32,549.21,245.78,51.68,194.11,43.66
Comoros,1994,-7.94,-5.28,601.8,387.08,186.63,43.66,142.97,39.04
Comoros,1995,0.75,3.61,623.52,483.21,244.29,51.66,192.64,45.12
Comoros,1996,-4.01,-1.34,615.17,480.3,238.88,43.79,195.09,44.76
Comoros,1997,1.45,4.22,641.13,441.91,231.24,37.37,193.86,33.61
Comoros,1998,-1.49,1.15,648.5,448.83,225.53,33.83,191.7,38.67
Comoros,1999,-0.67,1.92,660.95,463.8,235.37,32.64,202.73,33.3
Comoros,2000,3.6,6.25,702.24,422.3,419.91,26.98,392.93,26.54
Comoros,2001,-0.16,2.33,718.62,455.2,459.12,74.18,384.94,47.07
Comoros,2002,-0.12,2.32,735.33,506.91,498.07,80.72,417.35,72.6
Comoros,2003,-0.3,2.1,750.81,656.36,668.45,91.5,576.95,73.04
Comoros,2004,-0.47,1.92,765.22,761.85,812.06,100.68,711.39,79.25
Comoros,2005,0.42,2.84,786.93,787.34,872.42,101.84,770.58,83.16
Comoros,2006,0.22,2.65,807.76,836.19,938.7,111.6,827.11,94.21
Comoros,2007,-1.59,0.8,814.22,794.62,781.26,85.22,696.04,134.19
Comoros,2008,1.53,4,846.79,911.97,916.77,99.72,817.06,175.54
Comoros,2009,0.74,3.2,873.89,901.71,913.28,103.49,809.79,162.22
Comoros,2010,1.33,3.8,907.09,907.09,926.12,101.04,825.08,164.86
Comoros,2011,-0.806311002,1.620992619,921.7976232,1021.746933,1063.298247,108.9178456,954.3804009,163.6988935
Comoros,2012,0.733308559,3.2,951.2951472,1016.486771,1085.273614,102.0918731,983.1817404,164.1785121
Comoros,2013,2.014847506,4.5,994.1034288,1116.240375,1169.712208,104.1090407,1065.603167,182.5741705
Comoros,2014,-0.304638592,2.1,1014.979601,1149.883933,1203.697506,118.1532462,1085.54426,174.8164563
Comoros,2015,-1.245229116,1.1,1026.144376,966.1274084,1003.753387,102.3312941,901.4220929,131.7608451
Comoros,2016,0.941059236,3.3,1060.007141,1012.556006,1045.225271,107.4819702,937.7433006,127.183849
Comoros,2017,1.466103119,3.8,1100.287412,1077.059544,1108.598892,116.5785193,992.0203728,144.686184
Comoros,2018,1.110426974,3.4,1137.697184,1179.065066,1198.217506,121.6654282,1076.552078,176.5554822
Comoros,2019,-0.225360389,2,1160.451128,1165.969412,1172.97191,119.6569213,1053.314989,184.8755077
Comoros,2020,-3.02266278,-0.889673324,1150.126904,1195.663417,1181.366408,131.136907,1050.229501,193.9379081
Comoros,2021,1.255927035,3.450812074,1189.815622,1323.54411,1286.507505,145.3626177,1141.144887,220.4476278
Comoros,2022,2.346685849,4.53173819,1243.734951,1417.779236,1368.287452,157.4841755,1210.803277,244.7214109
"Congo, Dem. Rep.",1980,,,22260.2,15638.59,12943.47,1204.61,11738.86,1433.24
"Congo, Dem. Rep.",1981,-0.23,2.35,22783.44,13824.47,11597.52,1255.91,10341.61,1316.6
"Congo, Dem. Rep.",1982,-2.89,-0.46,22679.16,13786.91,12762.08,1291.24,11470.85,1135.73
"Congo, Dem. Rep.",1983,-1.04,1.41,22999.32,11690.76,10096.22,828.93,9267.3,1026.35
"Congo, Dem. Rep.",1984,2.95,5.54,24273.73,7033.52,7041.49,515.29,6526.2,824.45
"Congo, Dem. Rep.",1985,-2.09,0.47,24387.3,7524.23,6160.45,553.22,5607.23,899.54
"Congo, Dem. Rep.",1986,1.98,4.72,25537.7,8693.48,6971.86,647.12,6324.74,1068.5
"Congo, Dem. Rep.",1987,-0.08,2.68,26220.99,7411.96,6797.16,760.42,6036.74,1085.15
"Congo, Dem. Rep.",1988,-2.36,0.47,26344.33,8483.9,7788.58,1128.65,6659.93,1278.57
"Congo, Dem. Rep.",1989,-4.28,-1.27,26010.8,14341.56,7672.74,908.58,6764.16,1290.37
"Congo, Dem. Rep.",1990,-9.67,-6.57,24302.33,14828.71,8475.62,1076.24,7399.38,846.16
"Congo, Dem. Rep.",1991,-11.73,-8.42,22255.82,14188.13,8921.55,1209.37,7712.18,506.73
"Congo, Dem. Rep.",1992,-13.92,-10.5,19918.96,13009.46,7709.45,1783.99,5925.45,566.24
"Congo, Dem. Rep.",1993,-16.77,-13.47,17236.06,16975.08,10281.41,1652.1,8629.31,188.78
"Congo, Dem. Rep.",1994,-7.33,-3.9,16563.86,9205.58,5201.45,253.99,4947.45,459.81
"Congo, Dem. Rep.",1995,-2.51,0.7,16679.8,8946.58,4855.48,277.31,4578.17,613.43
"Congo, Dem. Rep.",1996,-3.76,-1.02,16509.14,9155.41,5247.17,448.88,4798.29,1753.17
"Congo, Dem. Rep.",1997,-7.92,-5.62,15581.81,9419.1,3931.92,520.07,3411.85,2351.57
"Congo, Dem. Rep.",1998,-3.87,-1.62,15328.74,9853.2,3972.86,385.33,3587.53,839.11
"Congo, Dem. Rep.",1999,-6.5,-4.27,14674.18,8758.84,3345.29,264.44,3080.85,710.19
"Congo, Dem. Rep.",2000,-9.25,-6.91,13660.09,21584.69,20367.96,820.34,19547.62,1446.47
"Congo, Dem. Rep.",2001,-4.77,-2.1,13373.16,10799.73,10190.95,410.45,9780.5,723.73
"Congo, Dem. Rep.",2002,-0.03,2.95,13767.37,8733.15,7906.85,513.39,7393.46,649.33
"Congo, Dem. Rep.",2003,2.39,5.58,14535.29,8949.8,8629.81,442.32,8187.48,851.7
"Congo, Dem. Rep.",2004,3.43,6.74,15514.73,10297.48,9434.46,644,8790.46,1262.16
"Congo, Dem. Rep.",2005,2.81,6.14,16466.58,11964.48,11323.95,831.11,10492.84,1409.4
"Congo, Dem. Rep.",2006,1.98,5.32,17342.77,14451.9,13744.38,1350.25,12394.12,2116.67
"Congo, Dem. Rep.",2007,2.85,6.26,18428.33,16737.07,15090,1446.61,13643.39,2294.36
"Congo, Dem. Rep.",2008,2.78,6.23,19575.66,19788.52,19656.13,1417.24,18238.89,2148.46
"Congo, Dem. Rep.",2009,-0.5,2.86,20134.56,18648.37,17670.43,1322.16,16348.27,2715.84
"Congo, Dem. Rep.",2010,3.6,7.11,21565.72,21565.72,17197.36,1573.24,15624.12,6206.91
"Congo, Dem. Rep.",2011,3.366411993,6.87467089,13125.32741,25819.91608,21001.20576,2784.063489,18217.14227,6412.22462
"Congo, Dem. Rep.",2012,3.571666936,7.086771563,14055.48938,29318.50805,27095.42106,2293.076765,24802.34429,4200.82364
"Congo, Dem. Rep.",2013,4.927686882,8.482085208,15247.68796,32676.388,27033.76367,2674.57537,24359.1883,7137.315033
"Congo, Dem. Rep.",2014,5.895464607,9.469852445,16691.62151,35911.20897,29376.1942,2988.447237,26387.74697,8339.830399
"Congo, Dem. Rep.",2015,4.220741289,7.720454185,17980.29051,37914.65551,32361.74147,3433.625038,28928.11644,7024.493797
"Congo, Dem. Rep.",2016,-0.907122558,2.4,18411.81748,36639.62961,33200.04432,3180.164902,30019.87942,6375.272065
"Congo, Dem. Rep.",2017,0.375387394,3.7,19093.05473,37615.14133,29641.73036,2285.038994,27356.69136,9399.150538
"Congo, Dem. Rep.",2018,2.440642208,5.8,20200.4519,47099.41482,38999.60855,2953.166636,36046.44191,9789.823855
"Congo, Dem. Rep.",2019,1.134823055,4.409991139,21091.29004,49815.99844,41783.09548,3826.107295,37956.98819,10453.75334
"Congo, Dem. Rep.",2020,-4.755517654,-1.714785814,20729.61959,44855.65211,36550.01224,3151.849355,33398.16288,8385.35391
"Congo, Dem. Rep.",2021,0.108882068,3.257176609,21404.81991,47711.86772,38318.74307,3249.182624,35069.56044,9362.536746
"Congo, Dem. Rep.",2022,1.352929485,4.493862252,22366.72303,50682.25077,40401.51929,3434.211925,36967.30737,10270.67898
"Congo, Rep.",1980,,,4104.69,1846.02,1097.6,300.08,797.52,610.09
"Congo, Rep.",1981,17.73,21.22,4975.64,2157.43,1393.66,267.91,1125.75,960.14
"Congo, Rep.",1982,20.01,23.57,6148.3,2338.34,1156.1,291.53,864.56,1290.61
"Congo, Rep.",1983,2.59,5.61,6493.2,2269.82,1161.48,325.93,835.55,806.16
"Congo, Rep.",1984,4.18,7.22,6961.92,2373.94,1175.86,324.29,851.58,666.66
"Congo, Rep.",1985,-3.91,-1.15,6881.68,2338.64,1489.56,355.47,1134.08,654.41
"Congo, Rep.",1986,-9.44,-6.88,6408.09,2001.28,1560.49,461.44,1099.05,544.62
"Congo, Rep.",1987,-2.53,0.19,6420.22,2486.53,1772.91,472.82,1300.09,453.31
"Congo, Rep.",1988,-0.98,1.77,6533.62,2394.3,1796.22,465.68,1330.55,411.96
"Congo, Rep.",1989,-0.97,1.76,6648.92,2624.12,1724.73,465.82,1258.91,337.61
"Congo, Rep.",1990,-1.72,1,6715.64,3072.96,1437.42,547.26,890.15,445.16
"Congo, Rep.",1991,-0.38,2.4,6876.5,3147.97,1795.33,755.89,1039.44,559.36
"Congo, Rep.",1992,-0.18,2.61,7056.11,3059.89,1588.62,789.97,798.65,633.57
"Congo, Rep.",1993,-3.68,-0.98,6986.98,2800.24,1132.1,530.81,601.3,566.02
"Congo, Rep.",1994,-8.09,-5.49,6603.18,1853.18,1090.06,385.97,704.09,964.07
"Congo, Rep.",1995,1.1,3.99,6866.34,2207.38,1318.56,332.72,985.84,773.88
"Congo, Rep.",1996,3.4,6.39,7305.24,2650.41,1491.46,326.38,1165.08,833.11
"Congo, Rep.",1997,-5.21,-2.44,7127.21,2423.02,1447.75,486.55,961.2,516.42
"Congo, Rep.",1998,0.64,3.6,7383.67,2008.03,1358.97,471.7,887.27,520.21
"Congo, Rep.",1999,-5.38,-2.6,7191.55,2455.56,1389.74,354.45,1035.28,653.73
"Congo, Rep.",2000,5.06,8.13,7776.35,3224.05,1249.76,357.35,892.41,636.23
"Congo, Rep.",2001,0.88,3.8,8072.24,2796.22,1332.54,338.56,993.99,694.86
"Congo, Rep.",2002,1.67,4.59,8442.54,3034.62,1579.17,479.22,1099.95,672.41
"Congo, Rep.",2003,-2.05,0.81,8510.95,3675.68,1945.01,527.17,1417.84,911.43
"Congo, Rep.",2004,0.51,3.57,8814.61,4648.63,2154.71,589.66,1565.06,1091.86
"Congo, Rep.",2005,4.31,7.65,9489.11,6076.57,2275.37,615.68,1659.69,1491
"Congo, Rep.",2006,2.76,6.24,10080.82,7731.26,2560.76,706.84,1853.92,2220.54
"Congo, Rep.",2007,-4.92,-1.59,9920.2,7435.46,2954.7,861.31,2093.39,3564.58
"Congo, Rep.",2008,2.35,5.93,10508.39,10176.05,3835.16,1000.66,2834.51,3668.1
"Congo, Rep.",2009,4.03,7.5,11296.6,9338.97,7323.21,1173.48,6149.73,2150.8
"Congo, Rep.",2010,5.45,8.71,12281.05,12281.05,3941.31,977.31,2964,3644.17
"Congo, Rep.",2011,0.544179109,3.393494418,22297.55258,14765.74604,7430.322596,1943.210412,5487.112184,3797.849016
"Congo, Rep.",2012,7.135332563,9.947399678,24515.57925,17704.11526,6632.59029,2435.582229,4197.008061,7757.381779
"Congo, Rep.",2013,-3.13135505,-0.713762105,24340.59633,17958.98243,7196.110203,2527.370722,4668.739481,8452.322521
"Congo, Rep.",2014,4.143728875,6.716794902,25975.50427,17917.52423,7945.288659,2999.426431,4945.862228,9601.27157
"Congo, Rep.",2015,-5.916187033,-3.550295858,25053.29702,11891.46304,6877.571581,2400.938362,4476.633218,9441.950043
"Congo, Rep.",2016,-12.94048501,-10.70127419,22372.27501,10159.03641,6807.452405,2328.661446,4478.790959,7517.758726
"Congo, Rep.",2017,-6.800453767,-4.373652391,21393.78947,11109.76182,6653.167235,2139.697071,4513.470164,4134.650141
"Congo, Rep.",2018,-8.785601443,-6.4,20024.58694,13402.50564,7097.498911,1959.951735,5137.547176,3347.416909
"Congo, Rep.",2019,-3.115229157,-0.6,19904.43942,12541.68572,6967.235191,1671.27084,5295.964352,2975.658408
"Congo, Rep.",2020,-9.14041145,-6.817141726,18547.52558,11315.82988,6719.774182,1564.651236,5155.122946,2391.763461
"Congo, Rep.",2021,-1.318848903,1.165594999,18763.71461,12711.04733,7079.549051,1521.263263,5558.285788,3000.502643
"Congo, Rep.",2022,-0.99195745,1.472159272,19039.94637,13894.48569,7409.760334,1464.512815,5945.247519,3401.150102
Cote d'Ivoire,1980,,,14925.75,10175.55,7816.31,2409.32,5406.99,2286.33
Cote d'Ivoire,1981,-0.94,3.5,15448.15,8432.59,6478.1,1996.83,4481.27,1894.89
Cote d'Ivoire,1982,-4.04,0.2,15479.18,7566.94,5812.74,1791.51,4021.23,1699.91
Cote d'Ivoire,1983,-7.89,-3.9,14875.54,6838.48,5321.65,1687.63,3634.02,1195.86
Cote d'Ivoire,1984,-6.63,-2.7,14473.75,6841.41,4919.71,1284.34,3635.37,771.47
Cote d'Ivoire,1985,0.41,4.5,15125.16,6977.65,4792.96,1083.11,3709.85,985.39
Cote d'Ivoire,1986,-0.64,3.26,15618.03,9158.67,7200.57,1385.48,5815.09,1104.8
Cote d'Ivoire,1987,-3.99,-0.35,15563.87,10087.62,8460.86,1643.72,6817.13,1242.44
Cote d'Ivoire,1988,-2.51,1.11,15736.2,10253.54,8691.35,1753.91,6937.43,1297.31
Cote d'Ivoire,1989,7.92,11.89,17607.21,10714.45,8597.9,1781.15,6816.76,868.94
Cote d'Ivoire,1990,-4.73,-1.23,17390.56,11892.83,9580,1814.41,7765.6,723.56
Cote d'Ivoire,1991,-3.48,0.06,17400.41,11531.09,9405.65,1715.66,7689.99,772.76
Cote d'Ivoire,1992,-4.11,-0.62,17292.09,12032.86,10118.18,1945.66,8172.52,600.7
Cote d'Ivoire,1993,-3.85,-0.4,17223.16,11152.6,9424.25,1709.26,7714.99,863.81
Cote d'Ivoire,1994,-1.3,2.14,17592.44,8314.05,5950.77,998.91,4951.86,965.41
Cote d'Ivoire,1995,3.55,7.05,18833.21,11104.91,7958.56,1189.63,6768.93,1495.55
Cote d'Ivoire,1996,3.36,6.75,20103.53,12139.15,9795.68,1937.24,7858.44,1163.13
Cote d'Ivoire,1997,2.43,5.68,21245.75,11722.14,9366.95,1284.29,8082.66,1228.95
Cote d'Ivoire,1998,2.04,5.13,22335.41,12640.88,10234.9,1278.92,8955.98,1549.11
Cote d'Ivoire,1999,-0.87,1.94,22769.44,12561.33,9273.61,1334.74,7938.87,2264.74
Cote d'Ivoire,2000,-4.58,-2.07,22298.48,10717.02,8909.54,1562.39,7347.15,1065.41
Cote d'Ivoire,2001,-2.25,0.12,22325.54,11192.56,9181.46,1548.82,7632.64,1132.51
Cote d'Ivoire,2002,-3.83,-1.67,21953.23,12346.92,9785.03,1629.49,8155.54,702.32
Cote d'Ivoire,2003,-3.42,-1.36,21654.77,15306.6,12401.05,2264.1,10136.96,1602.14
Cote d'Ivoire,2004,-0.86,1.23,21921.51,16554.44,13716.36,2465.79,11250.57,1480.07
Cote d'Ivoire,2005,-0.41,1.72,22298.83,17084.93,14146,2464.92,11681.08,1935.34
Cote d'Ivoire,2006,-0.65,1.52,22636.85,17800.89,14729.25,2419.43,12309.82,1351.11
Cote d'Ivoire,2007,-0.44,1.77,23036.39,20341.87,17305.46,2710.02,14595.44,2016.31
Cote d'Ivoire,2008,0.28,2.55,23624.22,24224.91,19615.75,3069.24,16546.52,2923.75
Cote d'Ivoire,2009,0.92,3.25,24392.35,24277.49,19512.67,3067.55,16445.12,2111.38
Cote d'Ivoire,2010,-0.34,2.02,24884.5,24884.5,19722.74,3030.33,16692.41,3343.74
Cote d'Ivoire,2011,-6.456927801,-4.198617689,23839.69877,25669.75385,20440.84691,2854.451633,17586.39528,1036.885221
Cote d'Ivoire,2012,8.196058248,10.864,26429.64364,37029.75279,29553.47504,3340.483547,26212.9915,6605.373623
Cote d'Ivoire,2013,6.598931556,9.272,28880.2002,43227.89889,32296.12237,3881.051016,28415.07136,10265.83511
Cote d'Ivoire,2014,6.103030675,8.794,31419.925,48882.02674,36312.1138,4413.320887,31898.79291,11087.4023
Cote d'Ivoire,2015,6.132078071,8.842865441,34198.34669,45814.63813,34140.97872,4005.308095,30135.67062,10759.45896
Cote d'Ivoire,2016,4.503062222,7.187257197,36656.26983,47964.23334,36732.27092,4564.833561,32167.43736,10428.78576
Cote d'Ivoire,2017,4.658867378,7.359637184,39354.03829,51588.15431,40537.25375,5244.075785,35293.17797,10380.53033
Cote d'Ivoire,2018,4.196585568,6.890286466,42065.64427,58011.4708,46161.87143,5940.942048,40220.92938,12305.63972
Cote d'Ivoire,2019,3.721793722,6.4,44757.8455,58539.42361,46123.04495,5920.220458,40202.8245,11742.21485
Cote d'Ivoire,2020,-0.7555323,1.798195044,45562.67886,63106.62687,49523.0349,5782.179348,43740.85555,14024.58745
Cote d'Ivoire,2021,3.51209243,6.162281338,48370.37932,72675.78001,58131.9251,7286.370989,50845.55411,15660.50964
Cote d'Ivoire,2022,3.904023768,6.548973182,51538.14248,79750.88746,63678.24961,7856.11363,55822.13598,17423.58047
Djibouti,1980,,,494.93,309.78,294.38,101.15,193.23,43.49
Djibouti,1981,-1.49,2.9,509.28,328.83,311.49,98.48,213.01,40.49
Djibouti,1982,-1.04,1.69,517.89,343.68,402.58,124.78,277.8,55.57
Djibouti,1983,-0.95,1.24,524.31,347.23,394.91,123.31,271.6,66.35
Djibouti,1984,-2.46,0.56,527.25,348.3,399.73,125.35,274.38,66.66
Djibouti,1985,-4.8,-0.2,526.19,359.96,399.81,155.04,244.77,85.54
Djibouti,1986,-7.44,-1.19,519.93,386.23,413.19,155.25,257.94,56.38
Djibouti,1987,-6.88,0.49,522.51,397.6,437.84,154.56,283.29,71.85
Djibouti,1988,-6.2,1.2,528.77,421.48,492.44,162.03,330.41,85.4
Djibouti,1989,-8.62,-2.6,515.02,430.02,488.63,168.41,320.23,74.58
Djibouti,1990,1.08,5.84,545.08,445.27,465.53,145.15,320.38,99.83
Djibouti,1991,-5.77,-3.15,527.93,454.39,482.32,144.24,338.08,85.62
Djibouti,1992,4.45,5.86,558.88,469.31,508.92,194.32,314.6,94.02
Djibouti,1993,4.26,4.84,585.92,469.87,471.82,197.4,274.42,88.48
Djibouti,1994,-3.03,-2.42,571.73,497.85,485.39,186.22,299.17,75.63
Djibouti,1995,4.26,5.6,603.75,496.64,515.81,173.79,342.02,42
Djibouti,1996,-7.05,-5.09,573.01,483.81,507.82,148.51,359.31,44.81
Djibouti,1997,1.88,4.6,599.39,478.63,512.4,153.93,358.47,48.11
Djibouti,1998,-3.06,-0.19,598.28,485.06,518.47,137.44,381.03,62.69
Djibouti,1999,0.05,2.92,615.75,509.92,553.61,159.42,394.19,46.19
Djibouti,2000,10.17,12.94,695.42,555.9,596.77,142.58,454.2,67.7
Djibouti,2001,-0.1,2.05,709.66,577.49,598.67,134.22,464.44,47.4
Djibouti,2002,0.71,2.62,728.25,596.17,622.62,146.34,476.28,64.62
Djibouti,2003,1.47,3.2,751.55,627.55,660.43,160.15,500.28,97.09
Djibouti,2004,1.37,2.97,773.85,666.21,677.33,165.98,511.35,140.97
Djibouti,2005,1.66,3.2,798.62,708.64,731.44,178.1,553.34,117.26
Djibouti,2006,11.06,12.66,899.75,768.65,682.39,226.02,456.37,262.79
Djibouti,2007,3.56,4.98,944.59,847.72,765.67,214.9,550.76,354.63
Djibouti,2008,3.63,5.04,992.17,976.2,868.91,220.02,648.89,445.23
Djibouti,2009,3.58,5.03,1042.09,1013.23,843.19,228.64,614.54,348.93
Djibouti,2010,0.88,2.39,1066.96,1066.96,907.75,268.88,638.87,231.37
Djibouti,2011,5.598945052,7.292654611,1144.774548,1155.260211,1119.597571,289.1217132,830.4758582,290.3821158
Djibouti,2012,3.09553921,4.842190489,1200.206713,1899.953762,1521.235311,383.4825388,1137.752772,1482.680885
Djibouti,2013,3.198989158,5.000644749,1260.224787,2042.817163,1594.340953,401.8545923,1192.486361,1738.463931
Djibouti,2014,5.264500526,7.1,1349.700747,2214.679081,1765.322699,422.5695496,1342.753149,521.5358414
Djibouti,2015,5.897366282,7.7,1453.627704,2430.274292,1963.219776,479.7232054,1483.49657,441.8189836
Djibouti,2016,4.963721381,6.7,1551.02076,2603.540257,2165.923409,575.7574126,1590.165997,1072.298236
Djibouti,2017,3.726838817,5.4,1634.775881,2751.445574,2311.803234,598.1626706,1713.640563,1304.403094
Djibouti,2018,6.724243344,8.4,1772.097055,3012.803457,2372.301089,598.3843929,1773.916696,855.3331485
Djibouti,2019,6.149730587,7.77,1909.788997,3346.211576,1758.241255,693.3779904,1064.863265,956.7859161
Djibouti,2020,-0.044151901,1.438409468,1937.259582,3300.34513,1900.712639,695.2870845,1205.425555,910.8699896
Djibouti,2021,8.314218848,9.869536482,2128.458123,3816.807697,2430.581717,742.9395279,1687.642189,962.9190672
Djibouti,2022,6.623792104,8.103692509,2300.941825,4294.059273,3322.299438,787.682637,2534.616801,998.08028
Egypt,1980,,,40388.45,20119.01,19438.33,3590.14,15848.19,6304.17
Egypt,1981,1.21,3.76,41905.47,13490.93,20110.81,4451.35,15659.46,6906.76
Egypt,1982,7.16,9.91,46057.12,15747.63,21708.13,4561.58,17146.55,7697.04
Egypt,1983,12.72,15.66,53271.52,18933.22,23133.88,4842.84,18291.04,8083.82
Egypt,1984,7.35,10.2,58705.04,21604.94,26345.95,5525.69,20820.26,8421.84
Egypt,1985,3.96,6.75,62668.57,23801.21,29642.97,5980.53,23662.44,9253.48
Egypt,1986,-0.71,1.99,63917.85,24765.31,30913,5930.78,24982.23,8506.08
Egypt,1987,4.98,7.86,68942.31,27393.87,34077.22,5773.76,28303.46,10565.59
Egypt,1988,2.53,5.3,72596.74,29855.84,29060.19,4883.59,24176.6,12237.36
Egypt,1989,3.13,5.82,76818.9,32820.65,32782.68,5008.26,27774.42,12598.1
Egypt,1990,3.28,5.82,81286.52,36014.4,35800.81,4867.65,30933.15,12696.28
Egypt,1991,2.97,5.34,85628.29,39199.91,31023.6,4137.59,26886.01,8856.76
Egypt,1992,4.4,6.66,91334.06,45789.05,34879.25,4378.78,30500.47,8304.58
Egypt,1993,0.8,2.88,93967.05,50619.97,39280.06,4797.56,34482.49,9295.28
Egypt,1994,1.88,3.95,97676.88,56527.98,44023.34,5336.16,38687.18,10553.74
Egypt,1995,2.48,4.56,102128.68,65758.04,53430.31,6339.69,47090.62,10349.91
Egypt,1996,3.02,5.12,107355.27,73961.36,60383.29,7017.2,53366.09,11233.42
Egypt,1997,3.39,5.49,113250.29,81571.76,66844.81,7699.25,59145.56,13776.05
Egypt,1998,1.97,4.02,117807.56,87146.3,74639.2,9591.83,65047.37,18239.24
Egypt,1999,4.04,6.11,125005.49,91906.12,77923.98,10438.6,67485.38,19444.44
Egypt,2000,3.88,5.91,132389.85,100051.22,87107.23,11208.33,75898.9,19563.09
Egypt,2001,1.57,3.52,137055.38,90284.42,78177.7,10218.98,67958.72,16486.28
Egypt,2002,1.47,3.4,141715.26,84206.24,72716.5,10600.79,62115.71,15156.68
Egypt,2003,1.29,3.19,146240.88,71356.85,61153.25,9041.38,52111.86,12049.48
Egypt,2004,2.2,4.09,152225.16,78321.67,66120.73,9989.93,56130.8,13266.11
Egypt,2005,2.6,4.47,159032.28,93184.9,78545.27,11870.91,66674.36,16750.79
Egypt,2006,4.97,6.84,169916.19,110061.34,90194.48,13238.76,76955.73,20180.82
Egypt,2007,5.24,7.1,181980.24,132163.75,110656.97,14976.67,95680.31,27557.77
Egypt,2008,5.27,7.16,195003.26,164841.23,137156.01,17947.54,119208.47,36907.5
Egypt,2009,2.74,4.67,204116.93,187986.29,164395.57,21336.25,143059.32,36071.44
Egypt,2010,3.08,5.15,214623.31,214623.31,184011.12,23959.69,160051.43,41853.86
Egypt,2011,-0.363939648,1.764571949,218410.4932,237443.0529,206131.3105,26828.74559,179302.5649,40589.29575
Egypt,2012,-0.024144973,2.214765101,223247.7725,275755.6311,254865.053,29796.12336,225068.9296,42963.01363
Egypt,2013,0.983580681,3.3,230614.949,285433.0414,262711.5032,32697.79687,230013.7063,40935.01594
Egypt,2014,0.616857835,2.91591188,237339.4777,305567.0021,289643.0879,36208.97246,253434.1155,41689.09428
Egypt,2015,2.093724453,4.372019078,247716.005,332076.0119,312779.9267,39051.63167,273728.295,47450.21906
Egypt,2016,2.133768063,4.34843869,258487.7836,332488.337,314248.1047,37992.5075,276255.5972,50011.09855
Egypt,2017,2.141902367,4.3,269602.7583,236531.355,232308.5496,23870.91167,208437.6379,36130.21194
Egypt,2018,3.194426013,5.314121038,283929.7752,250252.8433,234732.5876,20900.46057,213832.1271,41682.48896
Egypt,2019,3.533533797,5.6,299829.8426,302346.1466,273936.7544,23160.38629,250776.3681,53398.97747
Egypt,2020,1.623370778,3.593651818,310604.6832,340902.0218,318210.3887,25013.43963,293196.949,51069.47101
Egypt,2021,1.103225989,3.004002406,319935.2553,353056.111,329494.0417,25139.50945,304354.5323,52681.26688
Egypt,2022,3.055371402,4.931832648,335713.9267,368296.8577,338548.5266,25050.58435,313497.9422,56063.6349
Equatorial Guinea,1980,,,443.62,55.65,43.46,18.66,24.8,11.25
Equatorial Guinea,1981,-0.01,5.77,469.22,52.38,49.23,14.63,34.61,8.82
Equatorial Guinea,1982,-5.07,2.2,479.55,62.16,41.28,11.25,30.03,26.63
Equatorial Guinea,1983,-3.03,5,503.55,70.22,29.82,8.39,21.43,21.89
Equatorial Guinea,1984,-6.1,1.01,508.64,70.51,42.6,7.41,35.19,19.15
Equatorial Guinea,1985,6.31,12.91,574.28,88.29,68.15,8.73,59.42,21.43
Equatorial Guinea,1986,-6.8,-2.33,560.9,111.95,91.76,11.89,79.87,28.78
Equatorial Guinea,1987,0.63,4.44,585.78,136.33,122.66,11.74,110.92,43.38
Equatorial Guinea,1988,-0.46,2.66,601.34,149.55,136.64,17.17,119.47,44.56
Equatorial Guinea,1989,-4.06,-1.23,593.95,138.03,109.28,12.16,97.12,39.41
Equatorial Guinea,1990,-0.54,2.54,609.01,169.73,106.34,15.2,91.14,72.41
Equatorial Guinea,1991,-2.84,0.32,610.98,171.49,135.22,15.42,119.81,60.87
Equatorial Guinea,1992,9.65,13.3,692.22,202.46,131.4,20,111.4,56.27
Equatorial Guinea,1993,5.84,9.48,757.86,199.77,107.54,28.24,79.3,64.1
Equatorial Guinea,1994,5.62,9.38,828.94,165.12,57.02,12.5,44.52,64.13
Equatorial Guinea,1995,7.73,11.7,925.96,215.33,134.26,21.62,112.64,131.72
Equatorial Guinea,1996,29.62,34.6,1246.36,340.2,260,35.72,224.28,310.19
Equatorial Guinea,1997,87.76,95.26,2433.66,653.63,242.47,47.65,194.82,384.31
Equatorial Guinea,1998,13.04,17.68,2864,548.04,289.4,67.08,222.32,475.6
Equatorial Guinea,1999,18.27,23.2,3528.49,917.09,298.56,52.81,245.75,563.49
Equatorial Guinea,2000,0.6,4.82,3698.45,1178.88,281.86,57.39,224.47,272.28
Equatorial Guinea,2001,61.02,67.79,6205.71,1694.96,301.77,56.52,245.25,1235.85
Equatorial Guinea,2002,15.55,20.43,7473.74,2086.5,404.46,110.33,294.12,663.65
Equatorial Guinea,2003,9.73,14.45,8553.57,2753.56,500.31,111.88,388.43,1169.58
Equatorial Guinea,2004,27.01,32.61,11343.2,4774.44,633.86,153.99,479.87,1248.91
Equatorial Guinea,2005,4.15,8.88,12350.39,7205.5,773.11,224.83,548.28,1563.27
Equatorial Guinea,2006,0.59,5.28,13003.08,10086.53,2761.73,733.52,2028.21,2673.04
Equatorial Guinea,2007,10.06,15.28,14990.23,13071.72,3562.74,1001.09,2561.65,3867.39
Equatorial Guinea,2008,12.44,17.8,17658.36,19749.9,4482.74,1314.08,3168.66,5439.47
Equatorial Guinea,2009,-3.24,1.34,17895.57,15027.8,5129.71,1673.25,3456.46,5919.87
Equatorial Guinea,2010,-12.98,-8.92,16298.54,16298.54,5719.98,1904.69,3815.3,6202.62
Equatorial Guinea,2011,1.859271684,6.523922643,17361.84555,21329.39526,6854.72375,2512.827187,4341.896563,6835.915747
Equatorial Guinea,2012,3.655755838,8.312871845,18805.11352,22388.34412,7100.977359,2592.983184,4507.994175,9212.387832
Equatorial Guinea,2013,-8.160731146,-4.133198501,18027.86085,21948.83429,9060.172926,3392.859438,5667.313488,6652.262608
Equatorial Guinea,2014,-3.688587788,0.415066301,18102.68842,21765.45309,9520.932076,3475.156511,6045.775565,6248.709261
Equatorial Guinea,2015,-12.71050521,-9.110041149,16453.52606,13185.49688,8024.648389,2890.460398,5134.187991,3257.009302
Equatorial Guinea,2016,-12.31405622,-8.816427317,15002.91289,11237.70627,8212.113774,2846.210698,5365.903075,1876.544911
Equatorial Guinea,2017,-9.167362894,-5.667498072,14152.62309,12196.60837,8619.383529,2889.978669,5729.40486,1711.393528
Equatorial Guinea,2018,-9.716760447,-6.356326302,13253.03619,13284.511,9395.57793,3051.037812,6344.540118,2147.327804
Equatorial Guinea,2019,-8.839813066,-5.565853252,12515.39164,11025.1861,9248.818811,2868.743341,6380.07547,1458.073374
Equatorial Guinea,2020,-9.226808367,-6.080574384,11754.38394,9314.764526,9038.159824,2747.970294,6290.18953,1305.499916
Equatorial Guinea,2021,-0.721683996,2.597841931,12059.74426,10191.22654,9688.200971,2953.91122,6734.28975,1429.967016
Equatorial Guinea,2022,-7.381686524,-4.394308086,11529.80194,10684.92559,10289.04483,3149.712748,7139.332079,1587.242265
Eritrea,1980,,,962.21,0,,,,
Eritrea,1981,-2.87,0,962.21,0,,,,
Eritrea,1982,-2.85,0,962.21,0,,,,
Eritrea,1983,-2.84,0,962.21,0,,,,
Eritrea,1984,-2.86,0,962.21,0,,,,
Eritrea,1985,-2.88,0,962.21,0,,,,
Eritrea,1986,-2.95,0,962.21,0,,,,
Eritrea,1987,-2.94,0,962.21,0,,,,
Eritrea,1988,-2.66,0,962.21,0,,,,
Eritrea,1989,-2.04,0,962.21,0,,,,
Eritrea,1990,-1.22,0,962.21,332.5,,,,
Eritrea,1991,11.36,11.74,1075.21,383.9,,,,
Eritrea,1992,11.73,11.3,1196.71,437.03,1133.5,196.26,937.24,70.42
Eritrea,1993,13.84,12.88,1350.87,505.07,606.52,152.54,453.98,83.16
Eritrea,1994,13.91,12.88,1524.89,630.77,780.12,181.47,598.65,151.19
Eritrea,1995,21.7,20.92,1843.87,639.72,829.58,263.97,565.61,135.47
Eritrea,1996,2.69,2.32,1886.73,748.46,906.22,268.85,637.37,191.5
Eritrea,1997,9.2,9.14,2059.1,782.07,914.7,219.13,695.57,229.07
Eritrea,1998,7.35,7.9,2221.77,809.31,991.36,390.39,600.97,241.44
Eritrea,1999,0.55,1.97,2265.44,793.7,976.95,481.08,495.88,248.8
Eritrea,2000,-2.22,0.19,2269.67,706.37,893.87,387.07,506.8,155.38
Eritrea,2001,-15.39,-12.35,1989.26,752.37,866.64,320.88,545.76,265.29
Eritrea,2002,4.09,8.76,2163.43,729.32,900.56,289.22,611.33,215.51
Eritrea,2003,-1.74,3.01,2228.45,870.25,1171.17,405.55,765.63,231
Eritrea,2004,-6.91,-2.66,2169.28,1109.05,1483.44,406.04,1077.4,224.73
Eritrea,2005,-2.38,1.45,2200.77,1098.42,1410.76,387.02,1023.74,223.41
Eritrea,2006,-4.08,-0.97,2179.44,1211.16,1426.52,313.93,1112.58,165.7
Eritrea,2007,-1.22,1.43,2210.53,1317.97,1454.28,337.86,1116.43,167.03
Eritrea,2008,-11.73,-9.78,1994.28,1380.19,1504.27,363.83,1140.44,175.47
Eritrea,2009,1.97,3.88,2071.59,1856.7,2035.89,373.41,1662.47,172
Eritrea,2010,0.57,2.19,2117.04,2117.04,2313.02,504.95,1808.06,196.87
Eritrea,2011,24.0071114,25.71,2661.330369,2065,1804.042841,395.4565832,1408.586258,260.6807862
Eritrea,2012,0.753438723,1.886,2711.52306,2254.861789,2116.041935,433.8898554,1682.15208,214.1680971
Eritrea,2013,-11.31144979,-10.456,2428.006209,1957.95122,1810.94364,377.8872229,1433.056418,182.4159541
Eritrea,2014,29.74780628,30.934,3179.085649,2604.234146,2410.724043,504.7997545,1905.924289,220.922853
Eritrea,2015,-21.36589244,-20.621,2523.526397,2016.47557,1979.00733,391.2578513,1587.749479,163.7535989
Eritrea,2016,6.317935056,7.391,2710.040233,2213.366169,2197.321201,431.3905784,1765.930623,179.4292057
Eritrea,2017,-10.97304204,-10.015,2438.629704,1903.966833,1889.048839,369.7465842,1519.302255,149.0314121
Eritrea,2018,11.72604429,13.032,2756.431927,2005.658375,1932.229738,389.085884,1543.143854,167.8925109
Eritrea,2019,2.519728993,3.836,2862.168656,1981.857048,1924.548842,384.8620645,1539.686777,162.1515021
Eritrea,2020,-2.008529827,-0.627,2844.222858,2074.970532,2033.806207,403.09116,1630.715047,168.5189753
Eritrea,2021,4.121865811,5.738,3007.424366,2277.303509,2231.552477,442.5032133,1789.049263,184.9547923
Eritrea,2022,2.021326537,3.743,3119.99226,2400.274511,2352.052991,466.3977287,1885.655263,194.9420761
eSwatini,1980,,,1172.62,806.26,535.46,167.07,368.39,220.34
eSwatini,1981,3.3,6.9,1253.56,891.43,569.23,127.49,441.74,177.42
eSwatini,1982,-2.01,1.44,1271.6,827.56,530.74,114.2,416.54,162.28
eSwatini,1983,-3.95,-0.55,1264.64,878.97,550.94,122.66,428.27,182.03
eSwatini,1984,-1.03,2.48,1296.02,718.72,491.16,105.04,386.12,141.94
eSwatini,1985,-1.55,1.92,1320.96,538.71,398.81,77.09,321.72,95.1
eSwatini,1986,14.57,18.58,1566.45,679.58,408.92,95.28,313.65,89.63
eSwatini,1987,6.34,10.02,1723.34,898.37,498.91,115.65,383.27,86.79
eSwatini,1988,4.08,7.57,1853.81,1048.96,552.59,127.37,425.22,162.97
eSwatini,1989,6.02,9.41,2028.22,1084.2,549.51,125.2,424.31,166.78
eSwatini,1990,6.66,9.86,2228.17,1254.4,706.37,159.35,547.01,168.48
eSwatini,1991,-0.99,1.76,2267.39,1330.62,859.15,171.91,687.24,180.93
eSwatini,1992,0.64,3.23,2340.55,1474.65,999.59,171.84,827.75,253.33
eSwatini,1993,0.7,3.11,2413.24,1492.5,1083.75,239,844.75,245.06
eSwatini,1994,0.15,2.4,2471.18,1590.58,1105.77,246.14,859.63,246.31
eSwatini,1995,2.65,4.83,2590.44,1901.65,1346.42,262.19,1084.23,272.23
eSwatini,1996,1.79,3.84,2689.96,1793.68,1392.61,275.81,1116.81,273.66
eSwatini,1997,1.19,3.1,2773.42,1927.1,1387.12,355.73,1031.39,295.58
eSwatini,1998,0.88,2.6,2845.65,1774.17,1301.26,325.76,975.5,301.25
eSwatini,1999,1.48,2.95,2929.62,1730.53,1372.72,305.15,1067.57,258.14
eSwatini,2000,4.01,5.2,3081.95,1738.09,1567.4,251.22,1316.18,409.24
eSwatini,2001,0.63,1.45,3126.65,1600.57,1410.82,222.09,1188.74,365.53
eSwatini,2002,3.01,3.56,3238.01,1472.89,1297.65,185.48,1112.16,306.73
eSwatini,2003,4.04,4.42,3381.27,2266.08,1875.44,332.09,1543.35,424
eSwatini,2004,3.36,3.72,3506.92,2855.03,2510.23,488.9,2021.33,536.73
eSwatini,2005,5.07,5.51,3700.3,3245.99,3072.8,533.44,2539.35,551.59
eSwatini,2006,4.62,5.18,3891.81,3349.33,3149.07,555.6,2593.48,542.33
eSwatini,2007,3.28,3.93,4044.88,3530.59,3339.6,605.77,2733.83,556.59
eSwatini,2008,2.07,2.79,4157.63,3352.4,3293.65,655.61,2638.03,517.22
eSwatini,2009,3.79,4.53,4345.94,3631.85,3604.84,761.46,2843.38,550.82
eSwatini,2010,2.8,3.51,4498.57,4498.57,4437.41,921.5,3515.9,642.96
eSwatini,2011,1.513984551,2.2,4597.543346,4784.653325,4698.165435,931.8106153,3766.354819,621.8038617
eSwatini,2012,4.691498655,5.4,4845.810686,4734.396411,4463.382698,894.5279591,3568.854739,577.8377775
eSwatini,2013,3.177757229,3.9,5034.797303,4410.172272,4111.63594,853.641898,3257.994042,562.1518933
eSwatini,2014,0.159724349,0.913196476,5080.774895,4466.503758,3936.926553,853.2435797,3083.682973,557.5176357
eSwatini,2015,1.367858699,2.20331902,5192.720574,4203.909063,3609.35509,891.7525436,2717.602546,508.2958132
eSwatini,2016,0.197436048,1.100719868,5249.877881,3885.47543,3339.699585,934.8875144,2404.812071,489.838918
eSwatini,2017,1.046226976,2.02657757,5356.270729,4529.754083,3998.423127,1108.541393,2889.881735,565.421438
eSwatini,2018,1.337694104,2.371607873,5483.300467,4572.331359,4135.454105,1073.838852,3061.615252,618.1541231
eSwatini,2019,1.188740588,2.243924462,5606.341588,4519.020407,3796.054642,926.4036813,2869.650961,602.3561432
eSwatini,2020,-4.188922901,-3.184689494,5427.797016,3858.379291,2828.722004,737.3969452,2091.325059,695.8735481
eSwatini,2021,0.380470852,1.435874212,5505.733354,4171.727808,3233.842924,841.2145422,2392.628382,684.3357136
eSwatini,2022,-0.319051749,0.73994386,5546.47269,4570.130187,3685.055395,861.8156362,2823.239759,744.1840218
Ethiopia,1980,,,8429.28,5888.74,4359.97,732.43,3627.54,976.87
Ethiopia,1981,0.67,3.08,8688.99,6168.59,6527.17,712.08,5815.1,1054.43
Ethiopia,1982,-1.58,1.19,8792.23,6351.79,6951.78,816.57,6135.21,1123.7
Ethiopia,1983,1.94,5.1,9240.38,6950.16,7805.1,983.19,6821.91,1107.55
Ethiopia,1984,-7.91,-4.94,8783.96,8210.17,7111.08,927.34,6183.73,1427.69
Ethiopia,1985,-8.84,-5.88,8267.56,9614.57,8866.21,966.57,7899.64,1075.4
Ethiopia,1986,3.57,6.92,8839.45,10042.15,8636.02,1039.42,7596.6,1658.55
Ethiopia,1987,5.74,9.18,9650.68,10740.51,9355.39,1105.27,8250.12,1685.52
Ethiopia,1988,-1.05,2.21,9863.75,10435.5,8910.17,1331.98,7578.19,2531.49
Ethiopia,1989,-1.64,1.69,10030.57,10722.35,10295.6,1511.64,8783.96,1542.65
Ethiopia,1990,80.52,86.83,18739.77,22748.08,7483.33,1561.5,5921.84,1014.73
Ethiopia,1991,-10.17,-6.94,17439.41,25956.32,8954.06,1529.37,7424.69,964.44
Ethiopia,1992,-11.78,-8.55,15947.77,20896.63,7196,752.11,6443.89,681.93
Ethiopia,1993,9.37,13.35,18077.17,15270.6,5035.46,563.76,4471.7,758.42
Ethiopia,1994,-53.75,-52.12,8655.54,7147.53,4922.73,577.35,4345.38,785.67
Ethiopia,1995,2.65,6.12,9185.35,7586.84,6964.89,661.39,6303.5,1386.87
Ethiopia,1996,9.99,13.53,10428.38,8235.65,7627.86,686.09,6941.78,1401.15
Ethiopia,1997,-0.23,2.84,10724.59,8521.56,7524.2,704.13,6820.07,1567.61
Ethiopia,1998,-6.82,-4.05,10290.74,7726.62,6823.24,785.82,6037.42,1511.59
Ethiopia,1999,2.16,5.16,10821.99,7328.48,7084.08,1216.72,5867.36,1494.88
Ethiopia,2000,3.18,6.2,11492.78,7851.21,7194.68,1404.41,5790.27,1592.23
Ethiopia,2001,5.23,8.3,12446.85,7763.25,7000.63,1137.08,5863.55,1671.28
Ethiopia,2002,-1.35,1.51,12635.38,7667.12,6891.37,1137.38,5753.99,1849.16
Ethiopia,2003,-4.91,-2.16,12362.32,8401.05,7719.98,1126.85,6593.13,1865.36
Ethiopia,2004,10.41,13.57,14040.18,9935.63,8725.66,1386.47,7339.19,2883.65
Ethiopia,2005,8.73,11.82,15699.57,12163.59,11504.77,1612.08,9892.69,3162.66
Ethiopia,2006,7.81,10.83,17400.56,14983.3,14286.07,1956.17,12329.89,4133.07
Ethiopia,2007,8.41,11.43,19388.98,18991.96,18100.54,2132.85,15967.69,4598.17
Ethiopia,2008,7.76,10.75,21474.15,25608.61,24368.05,2685.7,21682.35,6266.42
Ethiopia,2009,5.74,8.7,23341.54,28194.2,26368.02,2678.3,23689.72,7009.92
Ethiopia,2010,9.63,12.72,26311.3,26311.3,24350.66,2415.13,21935.53,7106.59
Ethiopia,2011,8.115949335,11.2,29258.16249,30479.41411,25222.19101,3144.936979,22077.25403,9786.247154
Ethiopia,2012,5.61656936,8.647811813,31788.35332,43328.11109,35287.85529,4112.019608,31175.83568,15582.39812
Ethiopia,2013,7.499865532,10.58226965,35152.28258,47764.12396,39664.75532,4889.70741,34775.04791,15780.83839
Ethiopia,2014,7.219251344,10.26372767,38760.21714,55585.28029,44574.45202,5877.182811,38697.26921,20466.85615
Ethiopia,2015,7.38538706,10.38621561,42785.93686,64734.04703,53200.37875,6670.108705,46530.27005,24736.09088
Ethiopia,2016,4.725219325,7.6,46037.66807,72119.92957,59085.05867,8030.158583,51054.90008,26935.90929
Ethiopia,2017,6.684562653,9.564189643,50440.79795,76840.5127,59475.2543,8536.37201,50938.88229,29540.55623
Ethiopia,2018,4.053934385,6.816147797,53878.91728,80206.70955,64398.83653,8221.574067,56177.26246,27400.96943
Ethiopia,2019,5.604370777,8.364085699,58385.3961,92607.8619,71929.78939,8513.48413,63416.30526,32657.22153
Ethiopia,2020,3.395268337,6.056617792,61921.57639,96440.86386,76272.00326,8796.217649,67475.78562,29657.64294
Ethiopia,2021,-0.487208533,2.033979632,63181.04864,98805.41308,79151.81662,9330.248513,69821.5681,30225.3984
Ethiopia,2022,5.303907848,7.9271838,68189.52649,99226.0835,76404.45832,8504.023457,67900.43486,33252.42581
Gabon,1980,,,9004.78,5421.36,1982.09,557.63,1424.46,1291.05
Gabon,1981,2.5,5.1,9463.6,4891.49,1929.96,535.47,1394.49,1547.28
Gabon,1982,-5.54,-3.1,9170.47,4581.7,1977.99,594.84,1383.15,1416.76
Gabon,1983,2.9,5.61,9684.77,4295.57,1984.55,610.73,1373.82,1351.95
Gabon,1984,4.7,7.51,10411.99,4509.5,2023.6,641.67,1381.93,1405.44
Gabon,1985,-4.93,-2.33,10169.08,4639.1,2153.41,643.78,1509.63,1579.62
Gabon,1986,-3.48,-0.8,10087.37,4392.14,2822.1,821.75,2000.35,1603.52
Gabon,1987,-19.4,-17.15,8357.78,4300.46,2780.81,842.91,1937.89,1185.92
Gabon,1988,9.76,12.85,9431.37,4309.52,2784.83,779.31,2005.52,1359.71
Gabon,1989,5.58,8.55,10237.31,4636.84,2628.97,730.66,1898.31,1333.98
Gabon,1990,2.34,5.19,10768.85,6039.49,3189.31,923.17,2266.14,1290.55
Gabon,1991,3.25,6.11,11427.1,6013.43,3318.19,949.99,2368.2,1430.01
Gabon,1992,-5.68,-3.09,11073.99,6224.48,3650.77,1082.54,2568.23,1253.9
Gabon,1993,-0.32,2.39,11338.35,6016.95,3463.15,1012.03,2451.11,1213.37
Gabon,1994,2.74,5.48,11959.45,4664.44,2184.63,621.5,1563.13,916.43
Gabon,1995,2.29,4.97,12554.27,5519.18,2612.7,698.87,1913.84,1173.74
Gabon,1996,1.02,3.63,13009.4,6337.45,2791.42,789.24,2002.18,1213.88
Gabon,1997,3.11,5.74,13755.93,5951.61,2531.07,722.67,1808.4,1513.69
Gabon,1998,0.43,2.96,14162.77,5014.55,2873.58,913.1,1960.48,1636.19
Gabon,1999,-12.78,-10.62,12658.98,5162.42,2590.97,782.79,1808.18,1133.9
Gabon,2000,-4.97,-2.64,12324.2,5074.17,2142.99,485.03,1657.96,1086.09
Gabon,2001,-0.26,2.15,12589.18,4716.29,2155.13,541.43,1613.7,1335.42
Gabon,2002,-2.63,-0.28,12553.66,4955.38,2515.64,536.71,1978.93,1488.43
Gabon,2003,0.03,2.49,12865.88,6036.58,3051.79,596.33,2455.46,1546.33
Gabon,2004,-1.18,1.35,13039.73,7178.04,3343.24,653.15,2690.09,1800.14
Gabon,2005,0.3,3.02,13433.81,9578.97,4077.55,1200.75,2876.8,2046.5
Gabon,2006,-5.45,-2.75,13063.98,10318.42,4484.45,1376.46,3107.99,2481.09
Gabon,2007,2.95,6.01,13848.98,12438.96,5373.2,1700.92,3672.28,3094.65
Gabon,2008,-6.24,-3.31,13390.61,15508.58,6127.37,1927.79,4199.58,3891.06
Gabon,2009,-3.08,0.14,13408.92,12065.15,6176.59,1945.42,4231.17,3374.52
Gabon,2010,3.44,7.08,14358.63,14358.63,6336.45,1936.49,4399.96,4264.68
Gabon,2011,3.246103917,7.091753341,15376.9097,18184.45868,6495.663163,1366.444804,5129.218359,4334.118311
Gabon,2012,1.385317732,5.3,16191.88592,17181.35825,7469.721176,2410.662253,5059.058923,4633.175258
Gabon,2013,1.683654189,5.6,17098.63153,17595.93698,8224.26056,2543.671322,5680.589239,5134.518909
Gabon,2014,0.605428018,4.3,17833.87268,18208.57319,8984.054871,2703.846405,6280.208466,6398.313093
Gabon,2015,0.491978687,3.9,18529.39372,14384.45988,7574.196102,2131.262908,5442.933194,4204.672659
Gabon,2016,-0.960498697,2.1,18918.51099,14020.12822,7722.39871,2052.73828,5669.66043,3782.922681
Gabon,2017,-2.271896187,0.5,19013.10354,14924.20588,7939.755346,1974.652395,5965.102951,3195.941331
Gabon,2018,-1.789924196,0.8,19165.20837,16874.80108,8299.070689,1782.978139,6516.09255,3713.832332
Gabon,2019,1.350824297,3.9,19912.6515,16874.95079,8214.053148,1855.13857,6358.914578,3750.899366
Gabon,2020,-4.995856429,-2.671455221,19380.69393,15261.306,8059.740568,1868.486074,6191.254494,3665.761334
Gabon,2021,-0.324947002,2.052627425,19778.50737,16490.89553,8594.621386,2015.37656,6579.244827,3952.087014
Gabon,2022,1.493988588,3.841490108,20538.29677,17893.11098,9237.727858,2088.978311,7148.749546,4073.083518
Gambia,1980,,,768.08,762.3,227.02,75.25,151.77,64.36
Gambia,1981,14.39,18.04,906.66,807.47,213.22,100.54,112.67,55.42
Gambia,1982,3.79,7.03,970.39,810.56,200.59,68.92,131.67,48.53
Gambia,1983,-6.55,-3.51,936.33,801.36,198.74,84.02,114.72,40.31
Gambia,1984,-0.78,2.83,962.82,784.39,169.1,96.68,72.42,32.48
Gambia,1985,-0.73,3.39,995.47,989.71,214.36,35.97,178.4,34.05
Gambia,1986,-2.42,2.14,1016.8,672.4,172.09,34.18,137.91,30.76
Gambia,1987,-1.87,3.07,1048.02,751.99,204.61,47.89,156.72,37.78
Gambia,1988,-0.02,5.09,1101.36,943.19,244.62,47.52,197.1,43.62
Gambia,1989,-1.19,3.58,1140.83,980.48,255.25,40.96,214.29,57.85
Gambia,1990,-0.74,3.59,1181.81,1070.35,329.43,61.4,268.02,61.3
Gambia,1991,-0.96,2.88,1215.84,1044.14,352.13,56.39,295.74,58.95
Gambia,1992,0.01,3.51,1258.55,1080.35,363.75,60.98,302.76,66.67
Gambia,1993,-0.23,3.01,1296.46,1142.05,391.13,53.15,337.97,74.27
Gambia,1994,-2.9,0.15,1298.46,1129.12,413.97,41.19,372.78,65.44
Gambia,1995,-2.19,0.88,1309.91,1188.87,452.41,43.82,408.58,100.69
Gambia,1996,1.07,4.25,1365.56,1283.01,426.3,45.28,381.02,103.31
Gambia,1997,-2.63,0.42,1371.29,1215.55,501.09,46.17,454.93,81.64
Gambia,1998,0.51,3.65,1421.41,1270.98,373.02,69.84,303.18,77.02
Gambia,1999,3.58,6.85,1518.71,1232.32,379.92,72.5,307.42,76.9
Gambia,2000,-28.47,-26.19,1120.91,1052.42,1038.9,118.16,920.73,48.02
Gambia,2001,2.46,5.75,1185.39,1044.99,950.78,118.76,832.02,116.78
Gambia,2002,-6.29,-3.25,1146.9,924.5,887.7,91.73,795.97,67.28
Gambia,2003,3.51,6.87,1225.73,878.6,821.51,76.94,744.57,88.19
Gambia,2004,3.71,7.05,1312.08,1002.69,949.08,74.66,874.42,137.73
Gambia,2005,-4.03,-1,1298.91,1077.53,1040.33,84.76,955.58,142.15
Gambia,2006,-1.92,1.12,1313.4,1070.67,992.81,88.4,904.41,165.4
Gambia,2007,0.46,3.52,1359.6,1273.85,1218.29,101.35,1116.93,160.81
Gambia,2008,2.64,5.74,1437.6,1612.94,1607,152.67,1454.33,164.34
Gambia,2009,3.35,6.47,1530.63,1487.89,1450.1,139.2,1310.9,186.94
Gambia,2010,3.38,6.52,1630.45,1630.45,1596.5,156.47,1440.03,214.16
Gambia,2011,-7.173264841,-4.328666747,1559.870184,1409.693593,1354.781412,131.4137969,1223.367615,180.6640544
Gambia,2012,2.100022346,5.241558096,1641.631686,1415.004744,1268.783648,123.8479863,1144.935661,259.645409
Gambia,2013,-0.202275891,2.872782708,1688.792197,1375.609459,1290.200722,124.3184348,1165.882288,191.9320764
Gambia,2014,-4.346118047,-1.407398572,1665.02416,1229.461733,1206.782048,132.2932059,1074.488842,183.4606848
Gambia,2015,0.974138005,4.058075622,1732.5921,1354.788659,1400.076223,165.646015,1234.430208,184.2222456
Gambia,2016,-1.058103877,1.943366701,1766.262718,1470.006033,1505.138836,173.1757573,1331.963079,188.0116695
Gambia,2017,1.756713135,4.822620758,1851.44287,1498.044492,1450.826191,167.9426363,1282.883555,295.543921
Gambia,2018,3.936582672,7.044742772,1981.872258,1659.299928,1659.921298,189.2201574,1470.70114,320.248103
Gambia,2019,3.185381858,6.245154849,2105.643249,1818.445862,1821.259077,208.6920465,1612.567031,292.1827531
Gambia,2020,-5.200848875,-2.416199068,2054.766717,1837.3296,1813.767509,202.0360955,1611.731414,283.0962441
Gambia,2021,0.273314756,3.189274971,2120.298877,1943.391949,1905.710562,211.3444605,1694.366102,297.7359438
Gambia,2022,2.130307381,5.068086785,2227.757465,2105.754275,2067.527224,223.5540536,1843.97317,313.4073856
Ghana,1980,,,12995.77,6925.95,4225.9,496.31,3729.6,250.02
Ghana,1981,-5.98,-3.49,12541.65,7307.81,4053.31,371.17,3682.15,193.08
Ghana,1982,-9.54,-6.92,11673.55,7224.08,3885.26,261.55,3623.7,136.33
Ghana,1983,-7.39,-4.57,11140.57,7166.35,3922.71,237.81,3684.9,152.15
Ghana,1984,5.39,8.65,12103.96,8062.44,4120.41,320.3,3800.11,303.44
Ghana,1985,1.97,5.08,12718.84,8742.95,4160.5,423.34,3737.16,431.04
Ghana,1986,2.17,5.21,13381.83,9384.23,5288.64,633.92,4654.72,535.36
Ghana,1987,1.8,4.79,14023.48,10085.2,4659.86,508.16,4151.7,529.93
Ghana,1988,2.64,5.63,14812.74,11025.77,4641.55,517.92,4123.63,567.84
Ghana,1989,2.11,5.09,15566.1,11140,4933.7,538.89,4394.81,711.11
Ghana,1990,0.39,3.33,16084.26,13213.51,6000.02,680.29,5319.74,763.33
Ghana,1991,2.28,5.28,16933.81,14856.39,6670.45,799.82,5870.63,891.71
Ghana,1992,0.92,3.88,17590.74,14609.78,6736.19,915.38,5820.81,887.7
Ghana,1993,1.9,4.85,18443.89,12662.63,5511.01,991.38,4519.63,1419.44
Ghana,1994,0.43,3.27,19046.86,11553.35,4763.48,828.21,3935.27,1303.11
Ghana,1995,1.26,4.02,19813.19,13713.93,5709.61,903.8,4805.81,1292.95
Ghana,1996,1.91,4.6,20723.84,14707.01,6011.13,1022.38,4988.75,1467.11
Ghana,1997,1.6,4.2,21593.87,14618.19,6592.92,1039.16,5553.76,1707.91
Ghana,1998,2.14,4.69,22607.44,15871.07,6707.8,1204.14,5503.66,1726.98
Ghana,1999,1.9,4.43,23608.61,16371.92,7405.48,1155.24,6250.23,1657.28
Ghana,2000,-24.27,-22.4,18321.23,7558.9,7147.23,1281.05,5866.18,1812.11
Ghana,2001,1.66,4.18,19087.27,7585.23,7051.04,1353.32,5697.72,2017.75
Ghana,2002,2.02,4.55,19955.57,9519.02,9168.33,1674.23,7494.1,1877.04
Ghana,2003,2.69,5.25,21002.37,11128.07,10348.23,1971.69,8376.53,2552.44
Ghana,2004,2.99,5.58,22174.95,14405.95,13352.32,2379.86,10972.46,4088.08
Ghana,2005,3.24,5.87,23476.15,17798.76,17187.8,2724.67,14463.13,5162.03
Ghana,2006,3.69,6.37,24971.23,20410.74,18896.89,1810.58,17086.31,4685.11
Ghana,2007,1.69,4.35,26056.68,24757.55,24985.22,2110.57,22874.66,3808.84
Ghana,2008,6.37,9.15,28440.81,28528.01,29373.4,2490.97,26882.44,4704.83
Ghana,2009,2.21,4.84,29818.63,25977.85,25089.19,1967.63,23121.56,4268.63
Ghana,2010,5.25,7.9,32174.21,32174.21,32394.02,2274.56,30119.47,4214.88
Ghana,2011,11.31543746,14.04712346,36693.76195,53644.79476,45341.5415,8479.049303,36862.49219,13258.0332
Ghana,2012,6.733567947,9.292789458,40103.63599,56504.20918,42993.06712,7668.412096,35324.65502,18742.5499
Ghana,2013,4.84748623,7.312525085,43036.22443,63278.83605,52892.78118,6915.050198,45977.73099,16731.94612
Ghana,2014,0.566079784,2.89743883,44283.17271,53172.54884,41511.32384,5546.981315,35964.34253,15664.25728
Ghana,2015,-0.113923101,2.1782068,45247.75179,48594.59245,39662.68123,4692.755072,34969.92616,14602.31842
Ghana,2016,1.149650887,3.447792974,46807.8006,54989.16632,42750.7459,5472.6947,37278.0512,15315.79057
Ghana,2017,5.768569516,8.143446498,50619.56879,58977.65211,47659.81416,5192.132278,42467.68188,13165.13413
Ghana,2018,3.958666721,6.263480772,53790.11575,65517.56504,50185.64101,5905.977163,44279.66385,16085.0424
Ghana,2019,4.221558646,6.5,57286.47328,66998.43025,48900.46877,5949.958661,42950.51011,17712.47002
Ghana,2020,-0.411734302,1.733015133,58279.25653,68110.39098,50825.08483,6331.853216,44493.23161,16346.69363
Ghana,2021,1.855000395,4.015777453,60619.62177,71754.04201,52635.05172,6378.906916,46256.1448,18708.10316
Ghana,2022,1.989196585,4.121154887,63117.85027,76813.6804,56453.21867,6543.400017,49909.81866,20994.31706
Guinea,1980,,,3610.49,1998.87,1440.18,200.83,1239.34,231.53
Guinea,1981,-1.38,0.61,3632.5,2198.77,1471.52,205.2,1266.32,229.69
Guinea,1982,-0.36,1.8,3697.89,2377.25,1482.41,206.72,1275.69,225.3
Guinea,1983,-1.01,1.3,3745.96,2503.2,1384.34,193.05,1191.3,220.35
Guinea,1984,-1.09,1.4,3798.4,2628.34,1426.71,198.95,1227.76,208.96
Guinea,1985,2.23,5,3988.32,2848.01,1547.83,215.84,1331.99,222.06
Guinea,1986,0.21,3.11,4112.52,2995.93,1577.5,219.98,1357.52,287.04
Guinea,1987,0.24,3.3,4248.23,3173.79,1690.68,243.41,1447.27,331.92
Guinea,1988,3.09,6.31,4516.21,3492.12,2077.07,266.59,1810.48,407.41
Guinea,1989,0.88,4,4697.02,3562.03,1982.33,284.29,1698.04,417.89
Guinea,1990,1.29,4.32,4900.12,3905.81,2075.82,292.12,1783.7,654.04
Guinea,1991,-0.37,2.5,5022.45,4126.45,2347.84,300.02,2047.82,674.9
Guinea,1992,0.49,3.27,5186.81,4445.77,2626.99,283.79,2343.19,697.01
Guinea,1993,2.29,5.05,5448.67,4422.62,2618.99,273.32,2345.67,711.44
Guinea,1994,1.3,4,5666.65,4633.82,2778.11,265.87,2512.24,710.21
Guinea,1995,1.97,4.68,5931.85,5260.15,3029.32,277.67,2751.65,790.22
Guinea,1996,2.42,5.16,6237.75,5504.3,3264.14,289.12,2975.02,804.07
Guinea,1997,2.46,5.18,6560.95,5374.56,3113.37,279.48,2833.89,794.9
Guinea,1998,1.94,4.59,6861.77,4906.12,3093.16,246.38,2846.77,697.51
Guinea,1999,1.99,4.51,7171.27,4751.42,2926.4,240.83,2685.57,686.97
Guinea,2000,-32.05,-30.48,4985.44,2995.36,2737.95,206.36,2531.59,406.68
Guinea,2001,1.49,3.66,5167.82,2829.44,2508.36,189.2,2319.16,390.13
Guinea,2002,3.09,5.16,5434.72,2950.2,2512.61,236.55,2276.06,565.61
Guinea,2003,-0.68,1.25,5502.58,3446.44,2726.14,271.45,2454.69,744.94
Guinea,2004,0.36,2.34,5631.35,3635.46,2853.93,252.34,2601.6,888.95
Guinea,2005,0.92,3,5800.14,2937.07,2296.08,184.05,2112.03,742.75
Guinea,2006,0.32,2.5,5944.95,4220.05,4100.8,264.72,3836.08,1036.56
Guinea,2007,4.45,6.81,6350.09,6281.93,6319.81,425.7,5894.11,1471.03
Guinea,2008,1.77,4.13,6612.56,6964.18,6594.1,415.72,6178.38,1825.85
Guinea,2009,-3.36,-1.12,6538.34,6716.82,6950.31,669.22,6281.08,1431.14
Guinea,2010,2.48,4.82,6853.39,6853.39,6342.04,861.32,5480.72,1392.93
Guinea,2011,3.300089917,5.613923325,7238.134452,6785.188932,7369.783988,534.7852559,6834.998732,616.7089631
Guinea,2012,3.61288388,5.915322367,7666.293438,7506.984824,7082.434097,1093.133791,5989.300306,1965.045708
Guinea,2013,1.63618179,3.933637521,7967.857633,8322.236529,8656.465359,1580.47026,7075.995098,1967.396988
Guinea,2014,1.307235653,3.708265845,8263.326977,8724.005341,8774.767501,1561.671409,7213.096092,2002.56869
Guinea,2015,1.25991392,3.812583215,8578.373194,8739.296599,9203.919143,1714.277686,7489.641456,2124.035605
Guinea,2016,7.936044449,10.82836261,9507.27055,8560.235942,8596.940741,1452.673376,7144.267365,4531.754484
Guinea,2017,7.329120738,10.33812138,10490.14372,10282.03291,9214.525981,1577.198866,7637.327115,2299.347148
Guinea,2018,3.215133355,6.1811386,11138.55404,10860.23785,10477.7808,1774.681822,8703.098977,2064.437543
Guinea,2019,2.69187559,5.64461507,11767.28254,12283.76537,11651.99182,2022.963547,9629.028271,2297.392234
Guinea,2020,2.316740619,5.213287694,12380.74483,14735.16146,14254.20727,2555.792103,11698.41517,2303.625871
Guinea,2021,2.790049369,5.642582337,13079.33856,15512.57515,15333.31554,2819.537401,12513.77814,2299.670418
Guinea,2022,2.345158332,5.138970651,13751.48192,16430.49739,16598.39324,3172.024683,13426.36856,2334.283142
Guinea-Bissau,1980,,,415.63,468.92,161.03,60.02,101.01,41.67
Guinea-Bissau,1981,-2.02,-0.5,413.56,510.88,183.27,59.78,123.49,33.59
Guinea-Bissau,1982,2.07,4.2,430.93,418.41,225.31,66.46,158.84,41.76
Guinea-Bissau,1983,-5.7,-3.4,416.28,420.13,246.4,66.97,179.43,39.96
Guinea-Bissau,1984,2.89,5.5,439.18,458.97,174.87,38.93,135.94,38.21
Guinea-Bissau,1985,1.8,4.3,458.06,415.3,254.01,38.51,215.5,43.16
Guinea-Bissau,1986,-3.26,-1,453.48,461.1,249.73,44.6,205.13,37.04
Guinea-Bissau,1987,3.3,5.64,479.06,499.55,198.19,23.96,174.23,34.38
Guinea-Bissau,1988,4.58,6.9,512.12,472.6,193.43,20.49,172.94,41.33
Guinea-Bissau,1989,2.23,4.5,535.16,569.65,240.95,30.93,210.02,46.67
Guinea-Bissau,1990,1.03,3.3,552.82,610.22,277.53,32.45,245.08,41
Guinea-Bissau,1991,0.7,3,569.41,649.43,273.28,35.23,238.05,44.65
Guinea-Bissau,1992,0.79,3.1,587.03,684.81,263.51,26.27,237.24,61.52
Guinea-Bissau,1993,0.01,2.28,600.39,717.06,239.04,21.59,217.45,41.05
Guinea-Bissau,1994,0.75,2.96,618.18,754.02,233.42,21.08,212.33,40.08
Guinea-Bissau,1995,1.87,4.02,643.01,799.8,256.12,23.13,232.99,43.98
Guinea-Bissau,1996,1.69,3.75,667.1,535.82,275.61,8.66,266.94,51.31
Guinea-Bissau,1997,3.97,5.99,707.08,412.43,313.33,24.27,289.06,31.03
Guinea-Bissau,1998,-18.48,-16.91,587.52,375.69,238.9,14.27,224.62,7.35
Guinea-Bissau,1999,11.04,13.23,665.24,405.86,257.6,25.59,232.01,7.67
Guinea-Bissau,2000,-2.08,-0.07,664.79,362.7,347.27,34.59,312.68,21.65
Guinea-Bissau,2001,-0.14,2.01,678.12,380.1,374.08,53.2,320.87,36.59
Guinea-Bissau,2002,-3.44,-1.28,669.41,408.64,414.27,60.32,353.96,33.21
Guinea-Bissau,2003,-1.85,0.4,672.11,464.48,454.17,61.87,392.31,46.54
Guinea-Bissau,2004,0.4,2.76,690.67,531.24,536.27,73.05,463.22,38.71
Guinea-Bissau,2005,1.83,4.27,720.13,586.8,602.03,82.01,520.02,37.67
Guinea-Bissau,2006,-0.12,2.31,736.76,591.84,641.66,87.97,553.69,37.48
Guinea-Bissau,2007,0.72,3.2,760.37,695.61,736.51,105.16,631.35,54.88
Guinea-Bissau,2008,0.68,3.21,784.76,864.14,923.55,102.68,820.87,52.48
Guinea-Bissau,2009,0.74,3.31,810.77,825.82,908.25,127.84,780.41,52.95
Guinea-Bissau,2010,2.06,4.72,849.05,849.05,923.28,129.13,794.15,55.86
Guinea-Bissau,2011,5.291848805,8.084926807,917.6951689,1098.379359,1046.46094,95.17878411,951.2821559,109.1238917
Guinea-Bissau,2012,-4.284223886,-1.712801157,901.9768754,1050.076138,1013.746194,148.8397752,864.9064188,203.2345071
Guinea-Bissau,2013,0.54494703,3.256000027,931.3452427,1109.700019,1046.428276,155.0378098,891.3904665,213.3986967
Guinea-Bissau,2014,-1.671208804,0.964525747,940.3283074,1135.543551,1059.933316,182.792739,877.1405768,228.6975563
Guinea-Bissau,2015,3.399178556,6.134089355,998.008886,1152.500843,1029.211031,175.0920696,854.1189616,172.5817163
Guinea-Bissau,2016,2.634049408,5.306596331,1050.969189,1244.730693,1103.083654,189.5206475,913.5630064,225.681434
Guinea-Bissau,2017,2.169073376,4.788991622,1101.300015,1469.459874,1259.683615,229.1560863,1030.527529,266.2767968
Guinea-Bissau,2018,0.812667421,3.358040519,1138.282116,1705.479094,1464.669981,251.3874896,1213.282492,288.5762457
Guinea-Bissau,2019,1.963881667,4.5,1189.504811,1443.714607,1380.059087,239.4417028,1140.617384,275.0721299
Guinea-Bissau,2020,-5.107258206,-2.781575335,1156.417839,1464.773868,1374.841008,251.3013319,1123.539676,261.8996722
Guinea-Bissau,2021,0.453230285,2.877428883,1189.69294,1599.491269,1492.322707,281.6233342,1210.699373,275.4576145
Guinea-Bissau,2022,1.510332041,3.921455133,1236.346215,1701.210046,1579.056787,307.4152101,1271.641577,281.2690438
Kenya,1980,,,14282.6,10517.62,5768.05,1439.32,4328.73,2126.63
Kenya,1981,-0.17,3.76,14820.33,9918.63,5334.07,1273.28,4060.79,1905.5
Kenya,1982,-0.24,3.69,15366.8,9553.27,5269.95,1184.73,4085.22,1406.3
Kenya,1983,-2.46,1.37,15576.65,8882.28,4765.8,1101.3,3664.5,1245.54
Kenya,1984,-2.03,1.77,15852.07,9197.71,4993.79,1076.74,3917.05,1284.87
Kenya,1985,0.44,4.27,16529.7,9110.4,4627.53,1071.07,3556.45,1571.31
Kenya,1986,3.29,7.17,17714.45,10746.6,5651.53,1326.29,4325.24,1575.28
Kenya,1987,2.16,5.92,18763.68,11831.2,6440.79,1480.45,4960.35,1936.25
Kenya,1988,2.5,6.2,19926.57,12645.51,6841.68,1538.28,5303.4,2128.8
Kenya,1989,1.13,4.7,20862.13,12379.19,6878.11,1495.2,5382.91,2059.06
Kenya,1990,0.74,4.21,21740.86,12664.49,6907.19,1598.09,5309.09,2071.43
Kenya,1991,-1.89,1.41,22046.88,11937.64,6436.04,1367.11,5068.93,1709.39
Kenya,1992,-3.94,-0.79,21872.01,11800.66,6814.84,1287.4,5527.43,1386.67
Kenya,1993,-2.75,0.36,21950.7,8192.96,4463.78,893.26,3570.52,1012.91
Kenya,1994,-0.47,2.63,22527.78,10425.51,5544.96,1083.3,4461.67,1379.11
Kenya,1995,1.33,4.41,23520.17,13427.99,7608.38,1342.74,6265.64,1973.89
Kenya,1996,1.15,4.14,24495.08,13740.57,10621.08,1872.62,8748.45,1807.34
Kenya,1997,-2.55,0.27,24561.3,14958.5,11858.29,2089.86,9768.43,1985.86
Kenya,1998,0.5,3.36,25385.49,16085.59,12612.59,2313.55,10299.04,2352.68
Kenya,1999,-0.68,2.1,25919.77,14688.21,11469.12,2043.91,9425.2,2001.64
Kenya,2000,-2.17,0.55,26063.59,12608.18,11417.95,1933.42,9484.52,2213.48
Kenya,2001,1.65,4.46,27225.16,12983.23,12083.56,2074.06,10009.51,2440.35
Kenya,2002,-2.13,0.56,27376.78,13102.94,12006.59,2245.37,9761.22,1990.53
Kenya,2003,0.19,2.95,28183.03,14904.45,13358.73,2702.38,10656.35,2456.8
Kenya,2004,2.28,5.1,29621.16,16095.23,14609.13,2874.64,11734.49,2750.42
Kenya,2005,3.04,5.9,31368.83,18739.03,17274.06,3256.69,14017.38,3169.2
Kenya,2006,3.42,6.32,33349.9,25811.53,23392.46,3705.19,19687.28,4812.22
Kenya,2007,3.93,6.85,35634.61,31958.18,28597.54,4675.36,23922.19,6537.68
Kenya,2008,-2.5,0.23,35717.38,35895.14,32665.15,5626.2,27038.95,7040.01
Kenya,2009,0.5,3.31,36898.53,37021.51,33862,5632.63,28229.38,7157.23
Kenya,2010,5.49,8.41,40000.11,40000.11,36529.65,5667.63,30862.02,8336.38
Kenya,2011,3.280059865,6.1,42440.1196,41954.9566,40126.37207,5878.363628,34248.00845,9043.205011
Kenya,2012,1.754101298,4.5,44349.92499,50412.75381,46296.43716,7014.996672,39281.44049,10826.44029
Kenya,2013,3.162897966,5.9,46966.57056,55096.74358,51337.29819,7790.450936,43546.84726,11077.51407
Kenya,2014,2.73662413,5.4,49502.76537,61448.0721,56699.78608,8535.388348,48164.39773,13783.82124
Kenya,2015,3.098733705,5.7,52324.423,64007.7806,57328.96587,9017.178108,48311.78776,13739.88237
Kenya,2016,3.367119618,5.9,55411.56395,69188.77517,62816.73421,8952.312147,53864.42206,12630.72325
Kenya,2017,2.364863725,4.8057,58074.47748,78964.9922,72566.25671,10189.90391,62376.35281,15030.32712
Kenya,2018,4.040901412,6.467686228,61830.55247,87801.28682,80650.59117,11497.99794,69152.59323,15756.19566
Kenya,2019,3.031520007,5.4,65169.4023,95410.40129,87716.65572,12453.79831,75262.85741,16603.02371
Kenya,2020,-0.887412839,1.369783516,66062.08203,98650.77543,91309.8569,12951.2252,78358.6317,15841.31256
Kenya,2021,2.675389656,4.994269948,69361.40074,103369.2723,93969.70778,15520.55879,78449.14899,18251.89789
Kenya,2022,3.580093753,5.896225261,73451.10517,111646.8346,104214.953,16791.4749,87423.47806,17418.06794
Lesotho,1980,,,769.62,442.87,656.14,94.03,562.11,159.86
Lesotho,1981,-1.78,0.98,777.12,449.76,695.2,90.74,604.46,163.25
Lesotho,1982,0.84,3.59,805.01,412.74,657.18,72.31,584.87,174.77
Lesotho,1983,-10.95,-8.59,735.83,421.35,770.86,77.38,693.48,120.91
Lesotho,1984,0.08,2.62,755.14,371.07,658.94,65.03,593.91,132.14
Lesotho,1985,6.76,9.38,825.93,297.18,482.62,60.1,422.52,126.06
Lesotho,1986,-0.34,1.98,842.29,331.98,533.14,68.59,464.55,130.27
Lesotho,1987,2.81,5.09,885.19,444.6,697.4,80.48,616.91,173.31
Lesotho,1988,8.25,10.6,979,510.62,801.9,91.88,710.01,227.69
Lesotho,1989,5.79,8.1,1058.27,538.75,846.99,82.22,764.77,241.2
Lesotho,1990,4.11,6.44,1126.4,628.64,938.4,86.57,851.83,324.09
Lesotho,1991,1.79,4.11,1172.69,699.95,1026.75,107.11,919.64,442.56
Lesotho,1992,2.14,4.47,1225.05,839.53,1103.5,121.45,982.05,545.32
Lesotho,1993,1.35,3.62,1269.36,834.45,1183.86,123.5,1060.36,446.91
Lesotho,1994,1.09,3.26,1310.74,853.82,1132.11,137.02,995.09,464.25
Lesotho,1995,2.54,4.59,1370.96,955.41,1288.93,167.41,1121.51,564.35
Lesotho,1996,7.79,9.81,1505.51,957.09,1274.01,153.18,1120.83,550.78
Lesotho,1997,6.29,8.15,1628.19,1041.53,1230.49,173.86,1056.63,552.62
Lesotho,1998,-6.28,-4.87,1548.83,913.49,1180.97,185.11,995.86,419.23
Lesotho,1999,1.84,2.97,1594.91,913.61,1109.53,176.48,933.05,443.12
Lesotho,2000,2.07,2.73,1638.48,783.69,1216.29,272.13,944.16,334.18
Lesotho,2001,4.08,4.23,1707.77,701.91,1017.88,241.47,776.41,268.13
Lesotho,2002,0.83,0.53,1716.87,672.91,983.83,241.75,742.07,198.33
Lesotho,2003,5.29,4.69,1797.41,973.03,1461.57,360.17,1101.4,280.06
Lesotho,2004,2.93,2.29,1838.63,1233.27,1810.99,439.62,1371.38,328.46
Lesotho,2005,3.21,2.7,1888.32,1318.37,2002.81,502.15,1500.66,300.74
Lesotho,2006,4.63,4.31,1969.66,1406.91,2048.38,505.89,1542.5,295.13
Lesotho,2007,4.89,4.73,2062.9,1820.77,2397.75,604.94,1792.81,407.93
Lesotho,2008,6.73,6.74,2201.93,1870.67,2365.99,630.05,1735.94,481.65
Lesotho,2009,2,2.15,2249.36,1865.97,2430.47,717.16,1713.31,517.07
Lesotho,2010,5.78,6.07,2385.94,2385.94,3076.96,894.7,2182.25,677.77
Lesotho,2011,6.460899675,6.898729361,2550.543295,2787.939542,3557.78109,972.8529975,2584.928093,631.8533136
Lesotho,2012,6.149993173,6.743627242,2722.542427,2438.269523,3177.146713,991.5276649,2185.619049,854.2464519
Lesotho,2013,3.491691776,4.186911483,2836.532868,2306.420407,2848.318677,966.1004401,1882.218237,740.245959
Lesotho,2014,2.133024525,2.883969327,2918.337606,2452.688064,2810.436686,987.8555931,1822.581093,839.5913693
Lesotho,2015,1.873620076,2.650143793,2995.677749,2195.799644,2477.188146,818.5280569,1658.660089,678.2980884
Lesotho,2016,4.236638417,5.047083936,3146.87212,2266.078532,2649.200341,906.730222,1742.47012,607.2140011
Lesotho,2017,-9.324748132,-8.60355164,2876.129352,2372.502757,2816.813274,979.7143077,1837.098966,657.271818
Lesotho,2018,-2.811415707,-2.03103868,2817.714052,2410.818147,2756.082784,959.3107794,1796.772005,735.2413726
Lesotho,2019,-0.188073277,0.613895885,2835.011883,2315.100145,2526.424333,913.9427419,1612.481591,783.8980936
Lesotho,2020,-5.915028703,-5.163284971,2688.63214,1515.234634,1701.77963,662.4763119,1039.303318,458.5179839
Lesotho,2021,3.25775508,4.068971711,2798.031822,1598.378784,1744.415469,676.9002821,1067.515186,510.6099037
Lesotho,2022,3.573646802,4.370928426,2920.33179,1743.122712,1887.416909,717.5586168,1169.858292,574.3647305
Liberia,1980,,,1608.4,934.96,,,,
Liberia,1981,-7.19,-3.89,1545.85,1075.42,,,,
Liberia,1982,-1.86,1.75,1572.97,1115.2,,,,
Liberia,1983,-6.62,-3.44,1518.87,1107.34,,,,
Liberia,1984,-3.15,-0.59,1509.93,1091.63,,,,
Liberia,1985,-3.58,-2.02,1479.43,1076.44,,,,
Liberia,1986,-1.76,-1.18,1461.98,1057.97,,,,
Liberia,1987,2.04,1.8,1488.23,1111.32,,,,
Liberia,1988,3.75,2.83,1530.31,1181.5,,,,
Liberia,1989,4.14,2.79,1572.97,1217.51,,,,
Liberia,1990,-50.31,-51.03,770.27,595.2,,,,
Liberia,1991,-12.72,-14.23,660.7,538.84,,,,
Liberia,1992,-33.84,-35.09,428.89,346.07,,,,
Liberia,1993,-32.13,-32.98,287.46,248.36,,,,
Liberia,1994,-22.15,-21.76,224.9,204.7,,,,
Liberia,1995,-6.99,-4.27,215.31,208.72,,,,
Liberia,1996,6.11,12.12,241.41,246.81,,,,
Liberia,1997,91.58,106.28,497.97,418.61,,,,
Liberia,1998,20.31,30.21,648.4,510.98,,,,
Liberia,1999,13.52,21.74,789.37,616,,,,
Liberia,2000,-1.37,4.07,821.48,644.94,645.33,48.58,596.76,48.37
Liberia,2001,-0.76,2.92,845.46,637.81,455.02,42.94,412.08,166.49
Liberia,2002,1.33,3.76,877.27,686.68,427.92,24.32,403.6,179.25
Liberia,2003,-31.33,-30.15,612.82,529.06,402.13,22.77,379.36,125.91
Liberia,2004,0.7,2.62,628.88,643.92,1506.64,70.03,1436.6,137
Liberia,2005,2.58,5.28,662.09,706.23,1643.6,79.07,1564.53,137.39
Liberia,2006,9.71,13.5,751.48,815.42,1572.06,76.22,1495.84,158.64
Liberia,2007,32.23,37.5,1033.28,949,971,149,822,269
Liberia,2008,3.73,8.1,1116.98,1101,1364,189,1175,192
Liberia,2009,3.6,7.8,1204.1,1155,1368,222,1146,208
Liberia,2010,3.52,7.3,1292,1292,1509,280,1229,242
Liberia,2011,4.320228404,7.700393221,1391.48908,2398.197852,3067.198436,459.8396932,2607.358743,542.000546
Liberia,2012,5.320647769,8.419779654,1508.649395,2721.479929,2486.057789,723.5307077,1762.527082,1158.276925
Liberia,2013,5.949090187,8.835646776,1641.948327,3064.66107,2243.091289,721.841657,1521.249632,1752.365601
Liberia,2014,-1.873167341,0.694652477,1653.354161,3137.490712,3025.928694,735.0867182,2290.841976,712.163016
Liberia,2015,-2.513640283,0.007070186,1653.471056,3163.116402,2751.875716,775.076106,1976.79961,1290.608378
Liberia,2016,-4.086901658,-1.630069875,1626.518323,3277.261771,2802.968174,780.979682,2021.988492,1318.274684
Liberia,2017,-0.046961888,2.468628823,1666.671023,3283.987176,2944.322756,785.561891,2158.760865,1135.440433
Liberia,2018,-1.210822012,1.24191849,1687.369719,3248.483718,2805.520159,774.6830385,2030.83712,1270.027061
Liberia,2019,-3.764483347,-1.4,1663.746543,3084.276917,2744.955825,737.3361485,2007.619677,1094.278153
Liberia,2020,-5.379374793,-3.073792199,1612.606431,6023.930693,5510.446533,1375.456149,4134.990384,1916.070933
Liberia,2021,0.363345567,2.794641219,1657.672995,6951.21245,6399.145135,1534.71305,4864.432085,2123.453261
Liberia,2022,1.089231712,3.52686983,1716.136964,7864.893718,7280.220551,1743.998648,5536.221904,2415.306601
Libya,1980,,,48842.1,38185.79,17630.07,7939.51,9690.56,8680.94
Libya,1981,-22.29,-19.19,39469.21,33436.65,23232.07,10101.27,13130.8,10472.15
Libya,1982,-1.11,2.81,40576.74,32845.05,22018.69,9798.25,12220.45,8083.35
Libya,1983,-6.09,-2.47,39573.59,31794.29,21405.63,9739.47,11666.15,7119.67
Libya,1984,-8.39,-5.04,37578.38,28934.86,19537.72,9086.21,10451.51,6996.04
Libya,1985,4.77,8.33,40707.45,29887.04,19359.03,8857.87,10501.16,5617.58
Libya,1986,-14.03,-11.35,36086.13,24319.92,16264.12,7450.54,8813.57,5493.11
Libya,1987,-17.09,-14.7,30780.73,22642.65,15140.59,6926.08,8214.51,5107.48
Libya,1988,4.76,7.58,33113.61,25559.96,17034.83,7791.54,9243.29,5753.37
Libya,1989,4.51,7.2,35497.59,27057.74,17578.33,7811.03,9767.3,6247.42
Libya,1990,1.2,3.72,36818.15,31088.35,16588.86,7364.74,9224.12,5875.91
Libya,1991,12.92,15.66,42582.08,34409.29,19024,8396.07,10627.93,6801.88
Libya,1992,-4.94,-2.71,41427.14,36447.72,19497.83,8604,10893.83,6972.32
Libya,1993,-5.87,-3.76,39868.16,32976.9,27200.21,6738.39,20461.82,4800.95
Libya,1994,-0.16,1.93,40639.52,30772.53,23674.39,6470.17,17204.22,4657.14
Libya,1995,-4.08,-2.22,39737.16,28292.44,20707.89,5698.98,15008.91,2976.48
Libya,1996,0.36,2.13,40585.2,31284.19,22233.75,6646.06,15587.68,3753.89
Libya,1997,3.53,5.21,42700.77,33193.98,25389.38,7232.04,18157.34,3793.51
Libya,1998,-5.01,-3.55,41183.93,29896.77,24403.84,7141.12,17262.72,3258.95
Libya,1999,-0.76,0.75,41492.67,33639.77,25042.74,6687.21,18355.54,3410.23
Libya,2000,9.44,11.14,46115.87,37760.01,21154.69,6474.29,14680.39,3687.5
Libya,2001,-3.3,-1.76,45302.42,32943.73,11907.76,5633.8,6273.95,15291.88
Libya,2002,-2.53,-0.96,44867.97,21415.99,8812.19,3229.63,5582.55,11090.94
Libya,2003,11.22,13.02,50708.11,25746.13,10901.5,2929.75,7971.76,11094.31
Libya,2004,2.82,4.46,52970.38,33426.62,13575.05,4543.71,9031.33,9949.61
Libya,2005,10.16,11.87,59258.15,47694.09,15476.11,5023.63,10452.48,13267.49
Libya,2006,4.9,6.5,63110.17,54640.78,15143.69,5794.62,9349.06,11698.89
Libya,2007,4.79,6.35,67119.96,56630.1,19026.67,8140.06,10886.61,19354.13
Libya,2008,1.24,2.67,68909.49,73837.35,26412.79,16123.49,10289.3,16732.04
Libya,2009,-4.18,-2.99,66850.34,50807.62,29170.16,17480.65,11689.51,17133.39
Libya,2010,2.12,3.18,68973.66,68973.66,18793.26,5966.11,12827.15,18729.71
Libya,2011,-66.92265784,-66.657,22997.88691,31999,6906.580067,3425.079238,3481.500829,11363.90648
Libya,2012,123.3394928,124.709,51678.3217,79759.2395,38047.64601,24439.34767,13608.29834,10581.92464
Libya,2013,-37.17494147,-36.829,32645.7126,51895.84815,36126.93595,22816.80114,13310.13481,10579.3122
Libya,2014,-53.32478043,-53.017,15337.93515,24262.39593,19195.60384,9223.921835,9971.682,5376.372101
Libya,2015,-13.78564434,-13.023,13340.47586,17215.78258,15142.33565,8565.823653,6576.512,7651.430928
Libya,2016,-8.442430971,-7.389,12354.7481,18563.13215,15289.50049,5562.488488,9727.012,5129.931658
Libya,2017,61.80673407,64.014,20263.51654,30211.42313,12697.60091,8286.794912,4410.806,8929.863375
Libya,2018,16.1521766,17.879,23886.43066,41432.1065,12091.41151,7865.347508,4226.064,13596.53499
Libya,2019,8.28614139,9.889592281,26248.70127,39832.4136,15772.81517,12387.09517,3385.72,14061.76644
Libya,2020,-60.8224489,-60.28,10425.98414,21804.68858,22931.72435,10088.57935,12843.145,8270.919237
Libya,2021,35.77614503,37.5,14335.7282,31756.50418,10544.55662,6733.716618,3810.84,10368.28319
Libya,2022,53.13182266,54.94102991,22211.92491,42956.46804,11748.27937,7023.119372,4725.16,14455.34867
Madagascar,1980,,,7404.28,3886.76,820.01,97.88,722.14,120.96
Madagascar,1981,-11.24,-8.65,6764.17,3456.68,717.77,83.4,634.37,82.53
Madagascar,1982,-4.62,-1.83,6640.45,3390.65,711.98,75.04,636.94,59.84
Madagascar,1983,-2.06,0.81,6694.24,3377.14,692.47,67.41,625.06,58.75
Madagascar,1984,-1.17,1.7,6808.35,2826.5,564.42,57.85,506.56,50.67
Madagascar,1985,-1.68,1.16,6887.05,2791.46,569.98,55.79,514.19,48.85
Madagascar,1986,-0.88,1.96,7021.98,3878.88,614.9,57.64,557.26,58.91
Madagascar,1987,-1.63,1.18,7104.7,3054.31,491.75,46.85,444.9,51.86
Madagascar,1988,0.53,3.4,7346.5,2907.68,456.78,39.74,417.03,64.94
Madagascar,1989,1.16,4.08,7646.16,2973.74,451.81,43.77,408.04,66.9
Madagascar,1990,0.2,3.13,7885.49,3666.36,2976.88,247.3,2729.59,456.58
Madagascar,1991,-9.01,-6.31,7387.95,3182.45,2597.99,233.92,2364.08,282.7
Madagascar,1992,-1.76,1.19,7475.58,3566.7,2935.92,248.59,2687.34,338.99
Madagascar,1993,-0.92,2.1,7632.31,3975.18,3298.3,264.66,3033.64,385.87
Madagascar,1994,-3.06,-0.07,7626.85,3510.78,2877.65,205.03,2672.62,324.58
Madagascar,1995,-1.37,1.71,7757.43,3726.42,3053.49,211.98,2841.5,345.76
Madagascar,1996,-0.99,2.15,7924.13,4711.27,3750.24,242.72,3507.52,464.89
Madagascar,1997,0.47,3.69,8216.51,4181.35,3401.05,270.7,3130.34,446.34
Madagascar,1998,0.69,3.92,8538.65,4408.71,3507.97,297.9,3210.07,538.33
Madagascar,1999,1.45,4.7,8939.92,4388.58,3464.91,277.08,3187.83,536.88
Madagascar,2000,-13.81,-11.08,7949.57,3767.48,3443.36,296.29,3147.07,610.11
Madagascar,2001,2.77,5.99,8425.63,4445.87,3968.76,393.16,3575.6,795.55
Madagascar,2002,-15.28,-12.65,7359.71,4175.66,3993.53,348.94,3644.59,558.68
Madagascar,2003,6.52,9.79,8080,5277.37,5162.28,552.98,4609.3,854.68
Madagascar,2004,2.16,5.26,8504.77,3991.26,3773.54,364.67,3408.87,933.1
Madagascar,2005,1.56,4.6,8896.24,5011.59,4768.29,460.95,4307.35,1112.32
Madagascar,2006,2,5.02,9343.06,5413.45,4912.64,484.65,4427.98,1369.13
Madagascar,2007,3.22,6.24,9926.13,8659.59,7344.35,1691.57,5652.77,2360.99
Madagascar,2008,4.13,7.14,10635.16,11076.28,8887.65,1551.13,7336.52,4268.69
Madagascar,2009,-6.97,-4.31,10176.81,10024,8329.34,1295.11,7034.23,3876.23
Madagascar,2010,-2.05,0.72,10250.15,10250.15,8666.14,1206.34,7459.8,3094.62
Madagascar,2011,-0.996870297,1.775596841,10432.15086,9892.685239,9352.01344,891.1853263,8460.828114,1744.85283
Madagascar,2012,0.222140773,3,10745.11538,11578.97766,10296.18825,1737.734818,8558.453431,2335.356649
Madagascar,2013,-0.438291222,2.3,10992.25304,12423.55974,11592.46263,1943.872609,9648.590018,2051.493469
Madagascar,2014,0.547219279,3.3,11354.99739,12522.96004,11134.77725,1978.626353,9156.150894,2065.121711
Madagascar,2015,0.3593555,3.1,11707.0023,11323.02561,10014.89911,1714.343178,8300.555933,1810.763562
Madagascar,2016,1.24157197,4,12175.2824,11848.61197,10223.40613,1749.00724,8474.398894,1939.141839
Madagascar,2017,1.152649701,3.9,12650.11841,13176.31598,11559.81336,2124.36018,9435.453177,2082.699263
Madagascar,2018,0.481508936,3.2,13054.9222,13760.03268,11567.57296,1871.818211,9695.754745,2848.73636
Madagascar,2019,1.663178709,4.4,13629.33878,14104.6767,11716.54476,2130.667282,9585.877476,3199.508074
Madagascar,2020,-6.522812824,-4.021320508,13081.25938,14215.95524,12816.0332,2275.857766,10540.17543,2902.797086
Madagascar,2021,0.852203214,3.533884536,13543.53598,15717.8192,14103.4512,2378.844967,11724.60624,3108.111176
Madagascar,2022,1.819315684,4.50830388,14154.11974,17267.19774,15320.16709,2472.244266,12847.92282,3644.126447
Mali,1980,,,1111.34,1651.19,1768.35,206.46,1561.89,276.46
Mali,1981,2.23,4.31,1159.25,1522.99,1492.45,164.02,1328.43,238.57
Mali,1982,4.02,6.23,1231.48,1336.9,1316.33,146.75,1169.59,216.16
Mali,1983,-7.15,-5.18,1167.68,1174.85,1336.12,143.48,1192.64,157.26
Mali,1984,-1.28,0.68,1175.63,1154.61,1346.96,139.62,1207.34,161.41
Mali,1985,6.6,8.5,1275.54,1260.36,1463.97,149.13,1314.84,207.23
Mali,1986,14.35,16.12,1481.15,1839.06,1699.46,249.42,1450.03,347.67
Mali,1987,-3.68,-2.36,1446.24,2175.63,1850.33,273.44,1576.89,400.62
Mali,1988,-1.09,0.25,1449.85,2250.45,1887.14,266.16,1620.99,415.31
Mali,1989,5.86,7.49,1558.43,2256.77,1894.3,273.98,1620.32,435.73
Mali,1990,0.56,2.41,1595.99,2731.78,2504.84,458.31,2046.54,535.89
Mali,1991,12.18,14.65,1829.79,3007.73,2534.63,533.61,2001.03,548.15
Mali,1992,-4.17,-1.79,1797.02,3095.37,2766.91,639.69,2127.21,489.76
Mali,1993,1.79,4.52,1878.16,3055.03,2614.95,559.32,2055.63,544.5
Mali,1994,4.31,7.15,2012.42,2233.38,1869.79,430.66,1439.13,565.91
Mali,1995,33.63,37.22,2761.5,2836.81,2483,524.91,1958.09,687.85
Mali,1996,17.13,20.21,3319.58,3147.78,2692.39,531.44,2160.95,522.97
Mali,1997,8.63,11.46,3700.02,2871.76,2299.28,497.82,1801.45,611.29
Mali,1998,3.78,6.51,3941.05,3275.05,2566.01,547.33,2018.67,578.36
Mali,1999,10.21,13.22,4461.94,3439.46,2663.7,501.02,2162.68,547.79
Mali,2000,32.3,36.07,6071.47,2954.13,2755.91,484.98,2270.93,507.37
Mali,2001,12.05,15.38,7005.04,3465.31,3017.81,519.74,2498.07,710.02
Mali,2002,0.04,3.11,7222.63,3889.76,3341.64,597.49,2744.14,612.47
Mali,2003,5.79,9.12,7881.27,4703.5,4058.07,732.17,3325.9,978.89
Mali,2004,-1.61,1.56,8004.22,5444.47,4700.12,841.77,3858.35,1177.59
Mali,2005,3.15,6.53,8527.27,6245.03,5449.77,864.71,4585.06,1304.08
Mali,2006,1.27,4.66,8924.83,6899.8,5721.75,915.07,4806.68,1462.24
Mali,2007,0.1,3.49,9236.63,8145.69,6880.78,1135.98,5744.8,1944.71
Mali,2008,1.34,4.77,9677.53,9750.82,8679.79,1517.94,7161.85,2363.25
Mali,2009,1.32,4.68,10130.35,10181.02,8661.86,1483.37,7178.49,2241.96
Mali,2010,2.14,5.41,10678.75,10678.75,9427.76,1675.24,7752.51,2565.65
Mali,2011,0.105335017,3.2,11020.46897,12978.10717,11516.48071,2438.996922,9077.483786,2559.730322
Mali,2012,-3.592341457,-0.703415685,10942.94926,12449.9142,10734.92008,1927.798764,8807.121316,2139.276561
Mali,2013,-0.721565519,2.200704738,11183.77127,13214.15283,12662.00628,2235.140573,10426.86571,2530.18053
Mali,2014,3.720845578,6.774868353,11941.45705,14368.63928,13702.90802,2335.842112,11367.0659,2896.855295
Mali,2015,3.537517612,6.62247355,12732.27688,13106.09121,12423.4375,2145.670373,10277.76713,2720.942197
Mali,2016,2.840548982,5.946415559,13489.39097,14022.17793,13028.68161,2277.286052,10751.39556,3360.08525
Mali,2017,1.934112833,5.03766194,14168.94089,15360.29074,14139.30824,2485.947918,11653.36032,3316.166157
Mali,2018,2.059903356,5.176533777,14902.4009,17078.60876,15480.34667,2711.608257,12768.73842,3493.99346
Mali,2019,1.954403686,5.055519299,15655.79465,17280.27004,15503.8833,2720.564282,12783.31902,3730.08328
Mali,2020,-4.821111547,-1.950924018,15350.362,16544.77034,15146.39352,2643.488155,12502.90536,3110.544482
Mali,2021,0.988197004,4.004762414,15965.10752,18601.34999,17227.58798,2979.932695,14247.65529,3618.652925
Mali,2022,2.679512224,5.72226839,16878.67382,20259.47542,19026.64564,3229.663207,15796.98243,4176.594686
Mauritania,1980,,,1785.31,1495.61,734.12,321.18,412.95,186.45
Mauritania,1981,0.98,3.98,1856.44,1444.87,744.05,290,454.05,227.44
Mauritania,1982,-10.31,-7.64,1714.59,1308.97,828.43,240.54,587.89,256.67
Mauritania,1983,-0.45,2.49,1757.28,1330.54,821.25,260.16,561.09,208.09
Mauritania,1984,-4.9,-2.13,1719.78,1157.44,749.5,223.36,526.14,177.71
Mauritania,1985,0.49,3.35,1777.43,1085.03,633.36,198.52,434.84,192.48
Mauritania,1986,2.94,5.81,1880.72,1275.1,749.74,189.55,560.19,239.1
Mauritania,1987,-0.41,2.31,1924.2,1444.92,811.33,222.27,589.06,257.67
Mauritania,1988,-1.44,1.22,1947.64,1520.24,811.55,232.28,579.28,267.99
Mauritania,1989,1,3.69,2019.54,1550.68,866.92,247.95,618.97,182.42
Mauritania,1990,-3.59,-1.04,1998.56,1622.5,1080.33,199.88,880.45,190.04
Mauritania,1991,0.22,2.86,2055.71,1739.68,1230.82,212.79,1018.02,248.84
Mauritania,1992,-0.42,2.19,2100.64,1762.68,1318.74,186.66,1132.08,302.72
Mauritania,1993,5.91,8.67,2282.75,1505.82,1200.87,150.31,1050.56,179.07
Mauritania,1994,2.17,4.82,2392.69,1595.68,765.38,152.03,613.35,646.11
Mauritania,1995,-4.86,-2.4,2335.15,1680.79,1218.74,150.97,1067.77,288.4
Mauritania,1996,7.8,10.56,2581.69,1700.33,1370.25,159.7,1210.55,254.26
Mauritania,1997,-6.44,-4.04,2477.27,1652.41,1405.22,151.17,1254.05,212.25
Mauritania,1998,0.2,2.78,2546.08,1440.83,1159.23,145.4,1013.83,232.51
Mauritania,1999,3.95,6.67,2715.92,1405.66,1245.34,244.65,1000.69,149.83
Mauritania,2000,-3.03,-0.43,2704.23,1293.65,1225.24,261.42,963.82,266.88
Mauritania,2001,-0.72,2.01,2758.55,1295.54,1213.88,259.17,954.71,304.91
Mauritania,2002,-2.08,0.67,2776.9,1324.43,1315.7,343.43,972.26,193.21
Mauritania,2003,3.05,5.98,2942.91,1563.07,1549.63,449.09,1100.55,409.88
Mauritania,2004,2.79,5.75,3112.04,1831.14,1716.16,486.99,1229.17,865
Mauritania,2005,5.91,8.97,3391.18,2183.86,1971.75,550.48,1421.28,1342.39
Mauritania,2006,15.52,18.87,4031.07,3109.77,2308.06,671.66,1636.4,958.49
Mauritania,2007,-0.09,2.82,4144.65,3342.74,2724.63,840.97,1883.65,1061.39
Mauritania,2008,-1.79,1.08,4189.42,3978.43,3159.41,880.01,2279.4,1658.17
Mauritania,2009,-3.88,-1.04,4145.76,3670.52,2971.73,791.68,2180.05,1279.36
Mauritania,2010,1.75,4.77,4343.67,4343.67,3094.34,863.53,2230.81,1702.4
Mauritania,2011,1.664965776,4.704066534,4547.994017,5179.689614,3259.337075,938.365875,2320.9712,2249.475332
Mauritania,2012,1.457746074,4.5,4752.653748,6720.839321,4375.177651,811.1701055,3564.007545,3304.41843
Mauritania,2013,1.171876367,4.2,4952.265205,7331.154213,4673.19293,856.7951424,3816.397788,3486.50241
Mauritania,2014,1.29106041,4.3,5165.212609,6615.446804,4963.936968,901.9261767,4062.010792,2765.024316
Mauritania,2015,2.3938749,5.4,5444.13409,6181.800181,4852.396059,903.6415964,3948.754463,2377.601205
Mauritania,2016,-1.552289534,1.3,5514.907833,6414.143592,4748.094586,862.0977211,3885.996865,2006.194278
Mauritania,2017,0.623145798,3.5,5707.929607,6783.871589,4866.786808,868.7916503,3997.995158,2068.795921
Mauritania,2018,-0.699678401,2.1,5827.796129,7047.731665,5157.179614,935.0475849,4222.132029,1998.413055
Mauritania,2019,3.036272587,5.9,6171.636101,7599.856392,5270.306401,975.9735829,4294.332818,3393.683586
Mauritania,2020,-6.177345511,-3.607476943,5948.995751,9214.937424,6834.55169,1503.098024,5331.453666,4110.836579
Mauritania,2021,0.104169684,2.805264955,6115.880844,9340.689508,6632.144426,1358.25251,5273.891915,4227.804428
Mauritania,2022,1.538628159,4.236234951,6374.963926,9629.012729,6849.678843,1415.036836,5434.642007,4385.824419
Mauritius,1980,,,2235.66,1211.12,1013.24,159.29,853.95,234.63
Mauritius,1981,4.58,5.88,2367.17,1222.46,973.42,159.12,814.3,288.48
Mauritius,1982,4.34,5.5,2497.29,1153.99,912.85,149.37,763.49,195.91
Mauritius,1983,-0.6,0.38,2506.88,1166.7,903.79,145.73,758.06,190.41
Mauritius,1984,3.85,4.77,2626.58,1113.49,846.07,132.97,713.1,229.34
Mauritius,1985,6.01,6.88,2807.19,1151.55,843.97,124.01,719.96,252.55
Mauritius,1986,8.94,9.74,3080.67,1565.44,1044.67,153.57,891.11,320.8
Mauritius,1987,9.43,10.16,3393.76,1959.01,1360.83,220.14,1140.69,481.36
Mauritius,1988,6.04,6.77,3623.65,2214.05,1578.32,271.18,1307.14,662.09
Mauritius,1989,3.73,4.56,3788.91,2264.07,1662.84,267.41,1395.43,678.96
Mauritius,1990,6.11,7.15,4059.82,2735.08,2042.86,359.74,1683.12,801.63
Mauritius,1991,2.9,4.13,4227.38,2929.77,2157.58,388.98,1768.59,806.26
Mauritius,1992,4.78,6.21,4489.8,3412.66,2391.62,429.22,1962.4,937.19
Mauritius,1993,3.54,5.03,4715.76,3451.92,2463.83,457.47,2006.36,996.62
Mauritius,1994,2.78,4.24,4915.64,3769.17,2738.29,519.85,2218.44,1130.75
Mauritius,1995,3.07,4.42,5132.75,4272.66,3104.76,572.71,2532.04,1033.54
Mauritius,1996,3.91,5.14,5396.33,4673.77,3361.03,634.44,2726.59,1091.28
Mauritius,1997,4.69,5.81,5709.77,4425.88,3161.15,589.59,2571.56,1230.62
Mauritius,1998,5.06,6.07,6056.54,4407.17,3129.46,573.23,2556.23,1074.88
Mauritius,1999,1.71,2.61,6214.59,4535.54,3291.63,614.84,2676.79,1148.92
Mauritius,2000,7.67,8.55,6745.66,4567.27,3386.28,650.92,2735.37,1186.66
Mauritius,2001,2.59,3.35,6971.48,4613.7,3371.43,642.49,2728.93,956.44
Mauritius,2002,0.95,1.61,7084.06,4841.31,3609.38,685.54,2923.84,1067.6
Mauritius,2003,5.3,5.93,7503.82,5816.59,4329,818.94,3510.05,1377.32
Mauritius,2004,3.76,4.33,7828.74,6578.84,5093.97,934.33,4159.64,1604.77
Mauritius,2005,1.25,1.78,7967.9,6488.74,5355.1,942.34,4412.76,1470.87
Mauritius,2006,4.35,4.87,8355.58,6731.54,5641.77,950.03,4691.74,1797.47
Mauritius,2007,5.31,5.81,8840.66,7792.07,6419.38,1005.68,5413.7,2097.9
Mauritius,2008,5.06,5.52,9328.37,9990.36,8791.74,1245.25,7546.49,2532.16
Mauritius,2009,2.61,3,9608.22,9128.84,7787.78,1270.94,6516.84,2169.54
Mauritius,2010,3.79,4.12,10003.67,10003.67,8390.74,1382.36,7008.39,2711.5
Mauritius,2011,3.64047423,3.9,10393.81385,11518.51794,10217.42879,1550.793477,8666.635314,2758.2435
Mauritius,2012,3.00174872,3.2,10726.41589,11668.69653,10214.21928,1558.670355,8655.548926,2844.894529
Mauritius,2013,3.038556313,3.2,11069.6612,12129.62619,11050.42312,1771.51771,9278.905412,2672.422474
Mauritius,2014,3.54305061,3.7,11479.23866,12803.43896,11714.04514,1897.809663,9816.235481,2519.168104
Mauritius,2015,3.427176495,3.6,11892.49126,11692.28707,10751.75359,1746.057102,9005.696486,2115.258995
Mauritius,2016,3.601837598,3.8,12344.40592,12232.46939,11202.97977,1889.235845,9313.743926,2189.726393
Mauritius,2017,3.583780612,3.8,12813.49335,13259.34821,12488.55603,2010.271719,10478.28431,2423.160887
Mauritius,2018,3.579979403,3.8,13300.4061,14181.93016,13281.72403,2171.15645,11110.56758,2751.98213
Mauritius,2019,2.798570177,3,13699.41828,14048.42392,13389.36888,2152.366249,11237.00263,2786.473101
Mauritius,2020,-15.09361144,-14.95317834,11650.91983,12713.19902,12515.20259,2410.20313,10104.99946,2590.154013
Mauritius,2021,7.312441179,7.45293474,12519.25528,13335.22879,12374.05899,2340.153963,10033.90503,2898.330519
Mauritius,2022,6.593660798,6.701976035,13358.29277,14630.27548,13252.03089,2371.125558,10880.90533,3246.079736
Morocco,1980,,,29845.96,22097.09,16025.22,3451.92,12573.3,4555.42
Morocco,1981,-5.09,-2.77,29020.15,17939.5,13296.06,2914.95,10381.11,3990.7
Morocco,1982,6.99,9.62,31811.79,18109.36,13033.06,2822.34,10210.72,4352.55
Morocco,1983,-2.92,-0.56,31634.54,16368.18,11696.32,2338.38,9357.94,3344.82
Morocco,1984,1.92,4.33,33004.18,14970.42,10772.88,1983.76,8789.12,3224.13
Morocco,1985,3.98,6.32,35090.85,15111.22,10410.1,2038.96,8371.14,3490.48
Morocco,1986,5.84,8.1,37934.86,19896.94,14031.34,2608.84,11422.5,3874.15
Morocco,1987,-4.43,-2.48,36992.23,21958.66,15434.11,2946.32,12487.79,3952.88
Morocco,1988,8.43,10.54,40891.66,25922.78,17563.79,3415.09,14148.7,4661.02
Morocco,1989,0.58,2.48,41906.8,26824.57,18270.24,3582.75,14687.49,5411.07
Morocco,1990,1.99,3.88,43534.25,30319.7,20622.32,4000.81,16621.52,6530.67
Morocco,1991,5.03,6.95,46559.53,32682.6,22784.95,4329.38,18455.57,6296.87
Morocco,1992,-5.72,-4.03,44682.33,33403.92,23697.82,4784.1,18913.72,6602.69
Morocco,1993,-2.69,-1.01,44229.9,31467.88,22258.3,4845.08,17413.22,6019.65
Morocco,1994,8.58,10.36,48811.25,35636.26,25724.09,5199.88,20524.21,6478.61
Morocco,1995,-8,-6.58,45599.74,38727.7,28390.21,5736.02,22654.19,6837.75
Morocco,1996,10.62,12.22,51170.77,43017.35,30702.14,6174.71,24527.44,7175.1
Morocco,1997,-3.54,-2.23,50030.75,39231.48,27614.08,5941.78,21672.3,6917.21
Morocco,1998,6.31,7.67,53870.56,42052.87,31107.45,6693.79,24413.66,10400.32
Morocco,1999,-0.69,0.53,54155.76,41750.59,31228.26,7144.84,24083.42,9855.04
Morocco,2000,4.96,6.21,57519.94,38858.58,31157.56,6527.59,24629.97,9772.66
Morocco,2001,6.09,7.32,61730.38,39459.67,29746.66,7058.22,22688.44,10896.67
Morocco,2002,1.97,3.12,63657.26,42238.43,31884.62,7450.97,24433.66,11493.77
Morocco,2003,4.79,5.96,67451.97,52064.15,38675.78,9071.32,29604.46,15117
Morocco,2004,3.64,4.8,70687.65,59625.91,44389.79,10676.07,33713.72,18444.79
Morocco,2005,2.14,3.29,73014.44,62342.96,47254.05,11562.76,35691.3,18877.2
Morocco,2006,6.36,7.57,78545.01,68640.96,51537.87,12246.66,39291.21,21211.64
Morocco,2007,2.34,3.53,81319.15,79040.97,59357.57,13843.67,45513.9,26783.33
Morocco,2008,4.67,5.92,86135.65,92506.96,69150.65,15510.83,53639.82,36160.16
Morocco,2009,2.96,4.24,89791.04,92897.32,71074.95,16944.31,54130.64,32557
Morocco,2010,2.49,3.82,93217.21,93217.21,71141.11,16730.47,54410.64,31763.21
Morocco,2011,3.792928447,5.2,98064.50293,101370.7876,79322.36283,18957.02962,60365.33321,36267.43306
Morocco,2012,1.574544746,3,101006.438,98265.79887,78855.11617,19492.50509,59362.61108,34411.76415
Morocco,2013,3.228662621,4.7,105753.7406,106825.6001,84977.14439,21215.94633,63761.19806,37301.06881
Morocco,2014,1.169718361,2.6,108503.3379,110080.7682,88031.09219,21924.29435,66106.79784,35817.98007
Morocco,2015,3.079339632,4.5,113385.9881,101179.3078,77703.18902,19505.14203,58198.04699,31163.67742
Morocco,2016,-0.231679415,1.1,114633.2339,103311.9017,80346.56393,19953.24785,60393.31609,33459.27117
Morocco,2017,2.867610729,4.2,119447.8298,109682.7519,84374.55408,20892.59638,63481.9577,35784.57238
Morocco,2018,1.818477376,3.1,123150.7125,118096.1969,90962.35708,22459.58871,68502.76837,39440.439
Morocco,2019,1.255906521,2.5,126229.4803,119700.6229,91847.97862,23184.48952,68663.48911,38533.64538
Morocco,2020,-7.033243366,-5.914762491,118763.3063,119933.8505,96069.74256,26738.81652,69330.92603,37944.90388
Morocco,2021,3.301477722,4.516769963,124127.5717,131947.8964,103641.1014,27794.82453,75846.27684,41905.81702
Morocco,2022,2.07012466,3.239819998,128149.0816,139710.0487,108062.416,29016.11432,79046.3017,43047.8581
Mozambique,1980,,,2407.33,5730.11,3838.88,428.64,3410.24,269.13
Mozambique,1981,-1.12,1.28,2438.2,5521.38,3753.84,495.63,3258.21,336.55
Mozambique,1982,-5.98,-3.8,2345.61,5797.76,3850.65,511.71,3338.94,411.55
Mozambique,1983,-14.9,-13.16,2036.98,5390.29,3401.17,672.56,2728.61,375.58
Mozambique,1984,1.43,3.03,2098.7,6112.79,3458.16,509.2,2948.95,394.04
Mozambique,1985,-9.74,-8.82,1913.52,8102.98,4687.81,576.01,4111.8,154.12
Mozambique,1986,1.26,1.61,1944.39,9831.98,5373.24,693.67,4679.58,368.41
Mozambique,1987,4.94,4.76,2036.98,3487.66,2535.81,260.65,2275.16,400.49
Mozambique,1988,4.78,4.55,2129.57,2971.62,2256.68,248.57,2008.12,448.54
Mozambique,1989,6.1,6.5,2267.99,3211.25,2532.09,302.85,2229.24,486.09
Mozambique,1990,-0.41,1,2290.67,3525.15,2649.2,338.4,2310.81,552.43
Mozambique,1991,2.22,4.9,2402.91,3263.85,3105.99,292.53,2813.46,514.88
Mozambique,1992,-8.51,-5.23,2277.21,2336.66,2440.13,273.57,2166.55,479.13
Mozambique,1993,4.49,8.77,2476.85,2442.35,2475.22,323.03,2152.19,512.11
Mozambique,1994,2.06,6.16,2629.4,2509.5,2514.81,437.3,2077.51,558.52
Mozambique,1995,-1.3,2.24,2688.22,2571.79,2539.23,225.97,2313.26,712.46
Mozambique,1996,23.05,26.85,3409.89,3523.84,2950.06,232.42,2717.64,632.34
Mozambique,1997,7.89,10.84,3779.59,4227.3,3411.74,316.6,3095.14,709.73
Mozambique,1998,9.09,11.86,4227.82,4873.27,3688.87,412.8,3276.07,958.65
Mozambique,1999,5.13,7.82,4558.57,5302.55,3721.49,501.72,3219.77,1500.53
Mozambique,2000,-1.01,1.68,4635.08,5016.45,4683.61,810.31,3873.31,1673.87
Mozambique,2001,9.57,12.72,5224.7,4766.92,4213.77,902.52,3311.25,1181.6
Mozambique,2002,5.65,8.79,5684.17,5031.52,5009.08,849.15,4159.93,1612.16
Mozambique,2003,3.38,6.5,6053.67,5597.38,5625.02,977.21,4647.81,1393.02
Mozambique,2004,4.67,7.81,6526.53,6831.8,6750.66,1289.01,5461.66,1403.46
Mozambique,2005,5.63,8.72,7095.69,7723.86,7549.61,1399.85,6149.76,1408.99
Mozambique,2006,6.8,9.85,7794.69,8312.09,7772.43,1436.72,6335.71,1434.68
Mozambique,2007,4.49,7.43,8373.53,9366.73,8799.45,1571.73,7227.71,1417.24
Mozambique,2008,3.98,6.88,8949.31,11494.82,10642.43,1947.6,8694.83,1983.02
Mozambique,2009,3.48,6.35,9517.73,10911.68,10542.98,1973.2,8569.79,1602.53
Mozambique,2010,3.8,6.69,10154.24,10154.24,9790.29,1888.42,7901.86,1857.77
Mozambique,2011,4.212775722,7.117606647,10876.97737,14381.55218,13116.76512,2761.393652,10355.37147,4145.965605
Mozambique,2012,4.347416527,7.260171574,11666.66459,16257.02836,15375.0901,3317.521181,12057.56892,8051.887283
Mozambique,2013,4.042318965,6.963607146,12479.08528,16967.70735,16233.79581,3981.442832,12252.35298,9160.521614
Mozambique,2014,4.434570722,7.398512799,13402.352,17622.51803,16925.01337,4664.802129,12260.21125,9314.403934
Mozambique,2015,3.740414267,6.723278777,14303.42949,15950.97885,14436.15254,4135.664663,10300.48788,6579.639681
Mozambique,2016,0.88468797,3.824214322,14850.42329,11936.99339,10975.52977,3146.932049,7828.597721,5562.916332
Mozambique,2017,0.775336743,3.741317581,15406.02478,13150.04827,11752.77847,3241.403731,8511.374744,4364.013984
Mozambique,2018,0.473395813,3.443813843,15936.5796,14710.47599,12859.35863,3212.4019,9646.956726,7362.272584
Mozambique,2019,-0.646979653,2.283597215,16300.50689,15194.74831,13432.66227,3292.935075,10139.72719,7007.997921
Mozambique,2020,-3.326647843,-0.495156016,16219.79395,15881.1325,14772.6306,3818.110127,10954.52047,7491.094127
Mozambique,2021,-0.593644019,2.292970792,16591.70908,15550.94391,13573.95598,3565.506293,10008.44968,6994.024802
Mozambique,2022,1.586931708,4.513008822,17340.49438,16351.97514,13989.19031,3609.236241,10379.95406,7496.474374
Namibia,1980,,,4464.95,2421.99,1336.93,377.63,959.3,662.55
Namibia,1981,-1.2,0.97,4508.33,2246.81,1848.18,512.39,1335.8,554.73
Namibia,1982,-2.58,-0.4,4490.38,2116.04,1773.9,502.69,1271.21,375.65
Namibia,1983,-4.12,-1.82,4408.5,2293.99,1884.25,560.47,1323.78,374.12
Namibia,1984,-2.87,-0.24,4398.06,1948,1608.01,478.34,1129.67,266.16
Namibia,1985,-2.54,0.46,4418.47,1605.93,1108.95,387.92,721.03,142.72
Namibia,1986,1.24,4.77,4629.11,1806.2,1318.68,458.09,860.59,127.44
Namibia,1987,-0.22,3.55,4793.62,2296.34,1912.16,622.61,1289.55,286.24
Namibia,1988,-2.94,0.81,4832.6,2491.45,1861.95,641.21,1220.74,371.17
Namibia,1989,-1.78,1.86,4922.42,2531.54,1866.45,612.24,1254.21,367.69
Namibia,1990,-1.29,2.05,5023.21,2785.74,1923.47,719.48,1203.99,791.04
Namibia,1991,4.98,8.17,5433.38,2992.63,2391.97,834.75,1557.21,467.17
Namibia,1992,4.32,7.19,5824.01,3424.72,2635.81,1005.44,1630.37,620.2
Namibia,1993,-3.99,-1.58,5732.02,3218.43,2514.76,899.07,1615.69,468.31
Namibia,1994,-0.62,1.73,5831.17,3636.65,2638.39,919.97,1718.41,706.22
Namibia,1995,1.6,3.9,6058.53,3942.49,2959.4,1058.42,1900.97,760.11
Namibia,1996,0.99,3.19,6251.88,3945.3,2964.17,1058.53,1905.64,807.1
Namibia,1997,2.09,4.22,6515.71,4102.68,3265.65,1098.1,2167.55,733.51
Namibia,1998,1.29,3.29,6730.18,3826.54,2932.74,1004.83,1927.91,875.32
Namibia,1999,1.48,3.37,6956.94,3818.96,2961.3,1025.95,1935.35,788.45
Namibia,2000,1.72,3.49,7199.88,3911.44,3386.27,916.67,2469.6,668.79
Namibia,2001,-0.44,1.18,7284.7,3546.79,2985.41,809.6,2175.81,791.6
Namibia,2002,3.21,4.79,7633.5,3361.24,2808.25,722.24,2086,622.54
Namibia,2003,2.71,4.24,7957.11,4931.29,4424.07,1094.95,3329.13,955.22
Namibia,2004,10.59,12.27,8933.59,6606.82,5496.86,1345.73,4151.13,1259.81
Namibia,2005,0.91,2.53,9159.45,7261.3,5821.68,1400.31,4421.38,1429.71
Namibia,2006,5.28,7.07,9807.3,7978.68,5890.53,1554.44,4336.08,1776.26
Namibia,2007,3.53,5.37,10334.37,8740.91,7077.62,2085.75,4991.87,2129.64
Namibia,2008,0.8,2.65,10608.21,8486.7,7185.35,1849.79,5335.56,2362.09
Namibia,2009,-1.52,0.3,10639.61,8876.22,8373.05,2117.73,6255.32,2348
Namibia,2010,4.15,6.04,11282.16,11282.16,10015.69,2883.05,7132.64,2721.74
Namibia,2011,3.248254486,5.091338114,11856.5716,12409.57491,11115.67956,2877.650505,8238.029055,2776.69641
Namibia,2012,3.238597909,5.061682087,12456.71357,13016.28414,12153.82546,3250.271775,8903.55368,3478.330818
Namibia,2013,3.618171568,5.446422331,13135.1588,12167.67654,11355.54682,3399.652433,7955.894388,3576.739539
Namibia,2014,4.229825861,6.092516077,13935.42046,12433.58096,11223.72069,3447.445278,7776.275408,4323.9709
Namibia,2015,2.395856465,4.264176844,14529.65143,11450.27331,10985.49471,3117.746983,7867.747727,3498.795747
Namibia,2016,-1.796307863,0.033792771,14534.5614,10718.93372,10924.44887,2892.75614,8031.692728,2361.375105
Namibia,2017,-2.864025452,-1.027250579,14385.25503,12883.04979,12394.98352,3298.5648,9096.418718,2288.866445
Namibia,2018,-0.790569095,1.095152233,14542.79548,13671.98761,12974.69552,3474.882257,9499.813266,2050.211459
Namibia,2019,-3.471952737,-1.649303031,14302.94071,12540.74633,12313.61416,3203.830931,9109.78323,1689.462473
Namibia,2020,-9.534812492,-7.853003466,13179.73028,9482.186022,8862.270368,2624.509569,6237.760798,1217.232435
Namibia,2021,0.395994247,2.230887553,13473.75524,10232.03628,9355.031712,2746.594451,6608.437261,1380.984177
Namibia,2022,1.572677013,3.399328846,13931.77249,11242.404,10258.07313,2924.369657,7333.703476,1593.643517
Niger,1980,,,3073.46,2697.42,2143.13,260.32,1882.81,705.23
Niger,1981,-2.24,0.61,3092.17,2352.55,1992.04,237.37,1754.68,440.51
Niger,1982,-1.26,1.62,3142.36,2144.49,1907.45,228.24,1679.21,415.39
Niger,1983,-7.45,-4.75,2993.07,1916.54,1686.58,202.59,1483.99,226.21
Niger,1984,-19.19,-16.83,2489.47,1552.85,1474.52,149.21,1325.3,46
Niger,1985,4.66,7.72,2681.72,1530.89,1431.9,156.03,1275.87,183.63
Niger,1986,-4.64,-1.84,2632.34,1979.85,1696.19,215.13,1481.06,220.9
Niger,1987,-4.2,-1.38,2596.07,2290.43,2070.63,250.55,1820.08,260.2
Niger,1988,3.01,6.1,2754.35,2380.83,1966.44,353.54,1612.9,434.45
Niger,1989,-3.68,-0.72,2734.4,2221.98,2027.54,342.31,1685.22,298.11
Niger,1990,-3.81,-0.77,2713.48,2637.84,2297.8,405.4,1892.4,382.33
Niger,1991,-2.81,0.36,2723.32,2503.62,2207.33,372.28,1835.05,384.38
Niger,1992,-3.04,0.21,2728.98,2601.07,2388.27,400.46,1987.81,275.47
Niger,1993,-2.41,0.93,2754.37,2387.93,2292.1,455.25,1836.85,186.02
Niger,1994,-0.78,2.67,2828.01,1476.81,1352.34,263.5,1088.84,241.93
Niger,1995,-0.22,3.28,2920.9,1786.36,1607.9,308.11,1299.79,239.26
Niger,1996,1.49,5.09,3069.55,1912.51,1690.87,331.24,1359.63,332.12
Niger,1997,-2.98,0.5,3084.78,1761.11,1565.4,324.56,1240.83,305.17
Niger,1998,8.78,12.71,3476.92,2012.2,1817.11,366.33,1450.78,347.61
Niger,1999,-2.56,0.99,3511.47,1979.56,1816.09,387.35,1428.74,250.96
Niger,2000,-5.96,-2.51,3423.48,1717.7,1587.86,305.81,1282.05,260.18
Niger,2001,3.6,7.44,3678.2,1880.69,1721.47,319.77,1401.7,308.47
Niger,2002,1.55,5.35,3874.8,2144.64,1966.31,352.11,1614.2,371.75
Niger,2003,3.75,7.65,4171.27,2639.89,2440.17,425.59,2014.58,431.18
Niger,2004,-4.44,-0.83,4136.81,2897,2790.9,498.41,2292.5,422.76
Niger,2005,3.48,7.42,4443.57,3369.01,3008.34,531.12,2477.22,778
Niger,2006,1.93,5.81,4701.89,3646.73,3193.02,547.32,2645.71,860.03
Niger,2007,-0.66,3.15,4849.84,4283.55,3823.99,671.58,3152.42,982.68
Niger,2008,5.52,9.59,5314.83,5403.36,4584.73,810.8,3773.93,1734.03
Niger,2009,-4.42,-0.71,5276.95,5397.12,4895.53,874.61,4020.92,1874.87
Niger,2010,4.28,8.37,5718.59,5718.59,4908.46,780.25,4128.21,2284.67
Niger,2011,-1.676783037,2.209444573,5844.936553,8667.405008,7692.360336,1328.213508,6364.146829,2634.895522
Niger,2012,7.525049651,11.8,6534.639066,9208.250878,7661.475534,1318.370719,6343.104815,2690.814815
Niger,2013,1.26497825,5.3,6880.974937,10143.22891,8353.645875,1447.616989,6906.028886,2969.034458
Niger,2014,3.388342047,7.5,7397.048057,10934.45886,9053.958067,1826.627306,7227.330761,3303.567117
Niger,2015,0.329191113,4.3,7715.121123,9667.588642,8124.602967,1609.880195,6514.722773,3111.022328
Niger,2016,1.697836455,5.7,8154.883027,10284.62723,8738.457445,1604.266336,7134.191109,2751.341633
Niger,2017,1.04551387,5,8562.627179,11166.06421,9513.13105,1684.625582,7828.505467,3157.616567
Niger,2018,2.993058271,7,9162.011081,12826.74983,10822.42788,1939.957439,8882.470441,3761.544332
Niger,2019,1.959860912,5.902780816,9702.824514,12928.22047,10856.83341,1926.30485,8930.528559,4062.333016
Niger,2020,-2.535146665,1.210838329,9820.310032,13307.07659,11467.48608,2205.375065,9262.111018,3899.588845
Niger,2021,2.973809049,6.905193095,10498.4214,14457.67973,12413.88785,2342.619542,10071.26831,4389.529368
Niger,2022,3.869467924,7.807712169,11318.10793,15868.37508,13704.47182,2470.760783,11233.71103,4884.102751
Nigeria,1980,,,106933.26,198499.72,48410.74,6427.03,41983.72,12000.26
Nigeria,1981,-3.55,-0.9,105969.69,183584.44,53218.5,7972.78,45245.73,11556.25
Nigeria,1982,-4.25,-1.72,104143.8,180427.4,45332.19,6850.94,38481.26,10487.49
Nigeria,1983,-8.96,-6.63,97244.22,181591.08,30828.24,4716.89,26111.36,6600.11
Nigeria,1984,-3.82,-1.36,95924.7,180196.65,27598.7,2850.23,24748.47,5732.12
Nigeria,1985,8.52,11.33,106797.43,178820.65,26658.23,2052.82,24605.41,5735.01
Nigeria,1986,-0.73,1.89,108811.35,90400.79,19299.65,2102.39,17197.27,5077.22
Nigeria,1987,-3.27,-0.69,108056.85,55831.89,17130.59,3288.3,13842.28,4302.94
Nigeria,1988,4.79,7.58,116250.95,66986.1,20886.16,3399.83,17486.33,4317.29
Nigeria,1989,4.38,7.15,124558.45,60544.39,18217.3,3302.18,14915.12,4845.72
Nigeria,1990,8.52,11.36,138705.31,68328.91,19950.23,3466.53,16483.7,6911.89
Nigeria,1991,-2.5,0.01,138721.55,63999.8,21562.47,3154.13,18408.34,6501.1
Nigeria,1992,0.07,2.63,142370.24,58079.41,21227.42,2322.01,18905.41,6053.31
Nigeria,1993,-0.95,1.56,144587.05,56664.21,16504.63,1951.81,14552.81,4816.83
Nigeria,1994,-1.7,0.78,145721.66,47068.66,18213.66,2363.96,15849.69,4505.19
Nigeria,1995,-0.36,2.15,148852.71,49030,22818.45,2303.57,20514.88,4153.5
Nigeria,1996,1.57,4.13,155003.53,51988.05,26179.42,2360.43,23818.99,5501.01
Nigeria,1997,0.36,2.89,159483.17,54406.01,26485.96,2527.95,23958.01,6056.7
Nigeria,1998,0.29,2.82,163973.2,56544.8,25931.3,3939.81,21991.49,8643.77
Nigeria,1999,-2,0.47,164750.83,57682.38,27928.32,4943.32,22985,10329.65
Nigeria,2000,0.16,2.7,169199.98,69448.73,29751.51,1474.7,28276.81,23688.64
Nigeria,2001,3.29,5.92,179212.71,74030.4,46085.92,1473.66,44612.25,22894.56
Nigeria,2002,12.46,15.33,206684.5,95385.85,62538.84,1278.64,61260.21,26309.81
Nigeria,2003,4.66,7.35,221870.01,104911.99,69271.09,998.5,68272.59,30830.27
Nigeria,2004,6.49,9.25,242394.23,136385.95,87169.73,6529.66,80640.06,36985.1
Nigeria,2005,3.72,6.44,258000.82,176134.04,113499.16,8004.49,105494.67,46128.78
Nigeria,2006,3.33,6.06,273634.19,236104.04,130726.8,12102.32,118624.48,65791.77
Nigeria,2007,3.82,6.59,291669.78,275570.91,207363.31,26036.88,181326.43,58543.96
Nigeria,2008,3.97,6.76,311399.7,336976.06,233273.8,31773.33,201500.47,67048.11
Nigeria,2009,5.2,8.04,336426.66,291922.39,222910.8,25251.13,197659.67,64367.53
Nigeria,2010,6.81,9.7,369062.4,369062.4,274684.74,32150.44,242534.29,63813.63
Nigeria,2011,2.525320238,5.307924204,388651.9559,418859.014,310873.3852,35174.50297,275698.8822,67133.04
Nigeria,2012,1.520768989,4.279277261,405283.4506,459376.0984,305394.9146,37798.28234,267596.6322,68717.27085
Nigeria,2013,2.610528357,5.394416307,427146.1272,514964.7597,412204.2672,36846.85391,375357.4133,76749.86334
Nigeria,2014,3.513972998,6.309718663,454097.8461,568498.7882,444635.63,36750.52526,407885.1048,89838.17377
Nigeria,2015,-0.0292773,2.652693289,466143.6692,492436.6,416815.2562,32934.75262,383880.5035,76278.94191
Nigeria,2016,-4.135463254,-1.583065493,458764.3096,404649.1285,351827.3026,21787.44932,330039.8533,62073.31679
Nigeria,2017,-1.771170513,0.824,462544.5275,375745.4763,317618.204,16545.25753,301072.9465,58144.08614
Nigeria,2018,-0.701901513,1.9,471332.8735,398160.3623,327288.934,22314.21848,304974.7155,78890.5975
Nigeria,2019,-0.379751437,2.208429277,481741.9267,448120.4289,359240.8202,26385.70676,332855.1134,113893.7997
Nigeria,2020,-5.3926436,-2.955949925,467501.8766,429111.2932,365973.7844,25929.38342,340044.401,110280.525
Nigeria,2021,-1.061289722,1.463835757,474345.3362,439791.4678,369400.3869,25565.08888,343835.298,115518.9988
Nigeria,2022,0.352521005,2.890389786,488055.7654,492955.3943,409707.2887,26938.65396,382768.6347,122579.5476
Rwanda,1980,,,2089.66,1325.81,1300.97,220.13,1080.83,163.04
Rwanda,1981,1.96,5.44,2203.26,1486.73,1474.73,249.89,1224.84,190.58
Rwanda,1982,-1.44,1.81,2243.15,1486.95,1487.56,182.03,1305.52,300.93
Rwanda,1983,2.51,5.98,2377.24,1563.48,1601.99,177.02,1424.97,254.12
Rwanda,1984,-7.68,-4.24,2276.4,1677.28,1618.63,161.72,1456.91,315.8
Rwanda,1985,0.26,4.41,2376.7,1812.79,1755.5,193.56,1561.94,347.2
Rwanda,1986,-0.31,4.51,2483.83,2038.55,2008.74,229.35,1779.39,346.11
Rwanda,1987,-4.83,0.14,2487.25,2279.58,2299.14,291.19,2007.95,378.37
Rwanda,1988,-4.31,0.04,2488.21,2459.12,2472.55,325.72,2146.82,386.67
Rwanda,1989,0.57,3.25,2569.08,2507.71,2615.26,207.15,2408.12,363.81
Rwanda,1990,-2.56,-2.4,2507.44,2435.03,2506.75,262.08,2244.67,303.55
Rwanda,1991,-0.86,-3.65,2415.86,1812.58,1898.98,230.69,1668.29,217.94
Rwanda,1992,12.72,6.65,2576.43,1914.77,2012,267.36,1744.64,310.34
Rwanda,1993,-2.23,-8.63,2354.15,1854.31,1943.41,281.65,1661.76,330.17
Rwanda,1994,-45.99,-48.81,1205.03,1141.6,1501.54,132.45,1369.09,117.63
Rwanda,1995,35.8,33.52,1608.99,1230.12,1387.47,133.41,1254.06,173.45
Rwanda,1996,11.51,14.88,1848.41,1331.33,1465.92,159.21,1306.71,199.12
Rwanda,1997,7.09,14.34,2113.42,1790.93,1928.31,177.61,1750.69,255.66
Rwanda,1998,0.69,9.2,2307.93,1925.27,2037.93,198.87,1839.06,293.25
Rwanda,1999,-1.17,6.47,2457.27,1817.68,1909.72,210.65,1699.07,328.94
Rwanda,2000,2.38,8.28,2660.82,1735.59,1825.4,323.33,1502.07,230.95
Rwanda,2001,4.59,8.51,2887.27,1674.97,1708.83,313.78,1395.06,230.25
Rwanda,2002,10.56,13.19,3267.99,1676.61,1729.2,328.17,1401.03,227.19
Rwanda,2003,0.62,2.18,3339.16,1846.91,1869.23,355.25,1513.98,256.67
Rwanda,2004,5.95,7.48,3588.93,2088.5,2060.79,382.72,1678.07,313.45
Rwanda,2005,7.39,9.37,3925.22,2581.47,2529.48,469.68,2059.79,406.94
Rwanda,2006,6.75,9.21,4286.63,3193.7,3068.64,547.39,2521.25,529.26
Rwanda,2007,4.98,7.65,4614.54,3876,3519.49,592.37,2927.11,722.18
Rwanda,2008,8.23,11.16,5129.44,4924.58,4599.08,652.83,3946.25,1164.86
Rwanda,2009,3.45,6.26,5450.38,5449.77,5157.66,742.59,4415.07,1256.42
Rwanda,2010,4.58,7.32,5849.46,5849.46,5559.64,821.43,4738.22,1327.32
Rwanda,2011,5.339764345,8.004836759,6317.698034,6116.875096,5753.727282,771.2726496,4982.454633,1397.619337
Rwanda,2012,5.961174967,8.6,6861.020064,7289.621577,7195.204862,1017.421502,6177.78336,1487.877204
Rwanda,2013,2.16407352,4.7,7183.488007,7618.023211,7188.098231,1031.510654,6156.587577,1790.838587
Rwanda,2014,3.592896515,6.2,7628.864264,8292.389264,7130.370411,1239.682155,5890.688256,1916.671701
Rwanda,2015,6.165869401,8.9,8307.833183,8219.848283,7280.43705,1246.526443,6033.910607,1801.001416
Rwanda,2016,3.277006849,6,8806.303174,8513.138643,7377.545395,1310.886165,6066.65923,1981.57211
Rwanda,2017,1.290539882,4,9158.555301,9132.565734,8195.738146,1389.006245,6806.731901,2085.313271
Rwanda,2018,5.766179287,8.6,9946.191057,9685.54171,8641.500703,1420.31385,7221.186853,2129.890107
Rwanda,2019,6.584370573,9.4,10881.13302,9464.65938,9059.9682,1638.776921,7421.191279,1985.655075
Rwanda,2020,-2.856921993,-0.354533475,10842.55576,10259.18029,10037.32575,1764.142967,8273.18278,1938.321079
Rwanda,2021,1.361295195,3.899158689,11265.32421,10352.53229,10146.95688,1786.085313,8360.871567,1909.561936
Rwanda,2022,4.305913779,6.851010151,12037.11272,10954.79631,10777.44557,1851.802574,8925.643,1983.708971
Sao Tome and Principe,1980,,,124.82,77.66,55.24,15.93,39.32,14.73
Sao Tome and Principe,1981,-12.13,-10.31,111.95,79.41,57.19,18.78,38.41,15.69
Sao Tome and Principe,1982,1.33,3.09,115.41,76.37,60.94,21.74,39.2,15.2
Sao Tome and Principe,1983,-5.39,-3.87,110.94,71.43,62.88,21.45,41.42,15.09
Sao Tome and Principe,1984,-7.64,-6.03,104.25,74.38,59.08,21.36,37.72,15.56
Sao Tome and Principe,1985,7.12,9.3,113.94,78.68,63.8,24.3,39.5,17.45
Sao Tome and Principe,1986,-8.03,-5.83,107.3,110.25,84.09,32.42,51.67,20.9
Sao Tome and Principe,1987,-5.42,-2.93,104.15,110.27,70.95,25.88,45.07,19.35
Sao Tome and Principe,1988,-0.73,2,106.23,94.15,55.57,22.91,32.66,19.16
Sao Tome and Principe,1989,0.44,3.14,109.57,93.72,61.3,21.24,40.06,15.79
Sao Tome and Principe,1990,-4.52,-2.15,107.21,113.45,65.3,21.98,43.32,20.83
Sao Tome and Principe,1991,-1.08,1.2,108.49,102.21,60.62,15.15,45.47,21.04
Sao Tome and Principe,1992,-1.42,0.7,109.25,90.21,50.5,14.28,36.22,17.65
Sao Tome and Principe,1993,-0.88,1.1,110.46,119.58,54.51,16.45,38.05,18.74
Sao Tome and Principe,1994,0.33,2.2,112.89,124.9,55.41,15.82,39.59,19.49
Sao Tome and Principe,1995,0.26,2,115.14,98.62,48.91,12.55,36.35,18.62
Sao Tome and Principe,1996,-0.11,1.5,116.87,128.57,47.17,11.29,35.87,19.11
Sao Tome and Principe,1997,-0.51,1,118.04,87.42,49.14,14.03,35.11,17.48
Sao Tome and Principe,1998,1,2.5,120.99,68.74,43.1,10.47,32.62,16.85
Sao Tome and Principe,1999,0.95,2.5,124.01,73.52,47.43,13.95,33.48,21.63
Sao Tome and Principe,2000,-6,-4.45,118.49,54.76,56.08,6.93,49.15,19.02
Sao Tome and Principe,2001,1.32,3.1,122.16,67.65,69.28,8.56,60.72,23.5
Sao Tome and Principe,2002,0.53,2.4,125.09,89.83,98.85,13.04,85.82,18.58
Sao Tome and Principe,2003,4.47,6.57,133.32,95.71,104.82,9.99,94.83,20.55
Sao Tome and Principe,2004,1.59,3.83,138.43,99.53,113.92,14.98,98.95,20.57
Sao Tome and Principe,2005,4.55,7.09,148.25,124.3,135.21,16.18,119.02,26.11
Sao Tome and Principe,2006,6.28,9.12,161.76,136.1,172.55,16.98,155.57,22.44
Sao Tome and Principe,2007,0.39,3.25,167.02,145.83,183.73,21.06,162.68,31.99
Sao Tome and Principe,2008,5.15,8.2,180.72,188.02,248.26,26.92,221.34,40.88
Sao Tome and Principe,2009,-0.34,2.43,185.1,187.82,246.28,26.15,220.13,34.49
Sao Tome and Principe,2010,4.01,6.67,197.45,197.45,218.81,57.31,161.5,75.64
Sao Tome and Principe,2011,2.048557565,4.398201685,206.1384914,233.2135226,246.8312058,38.25984006,208.5713658,104.1216485
Sao Tome and Principe,2012,1.017865608,3.141975852,212.615313,252.5605814,266.9207389,63.72975036,203.1909886,99.99700967
Sao Tome and Principe,2013,2.805117064,4.814794386,222.8523032,302.8853197,344.5509483,82.25182239,262.2991259,81.658134
Sao Tome and Principe,2014,4.56838862,6.5499331,237.44898,348.9416578,367.1889956,87.64089027,279.5481054,126.3896488
Sao Tome and Principe,2015,1.870057105,3.798398936,246.4682395,318.2658365,335.9287816,79.5402652,256.3885164,119.8223362
Sao Tome and Principe,2016,2.227094019,4.172377734,256.7518254,347.5453931,321.1714689,46.01461656,275.1568523,113.1186551
Sao Tome and Principe,2017,1.934093586,3.871185947,266.691166,375.8344601,336.0024117,46.21277586,289.7896358,122.7952873
Sao Tome and Principe,2018,1.104631403,3.027723132,274.7658362,422.5886424,427.9541657,86.88422305,341.0699427,140.3417129
Sao Tome and Principe,2019,-0.595756489,1.301623446,278.3422527,475.9691408,470.1259917,91.58017826,378.5458134,164.0189204
Sao Tome and Principe,2020,-8.140819026,-6.388260531,260.5610244,486.9089606,479.3922315,102.8508244,376.541407,151.4760694
Sao Tome and Principe,2021,0.175743967,2.099642627,266.0318748,576.2016893,555.5707768,117.1002953,438.4704815,171.9363988
Sao Tome and Principe,2022,3.376062398,5.371219292,280.3210301,648.5544946,619.4536981,129.0012965,490.4524016,191.565005
Senegal,1980,,,4713.77,4210.31,3428.55,867.37,2561.19,581.22
Senegal,1981,-3.89,-1.19,4657.85,3492.96,3014.7,734.69,2280.01,790.7
Senegal,1982,12.04,15.34,5372.36,3639.12,2934.06,618.83,2315.23,618.84
Senegal,1983,-0.84,2.18,5489.36,3492.69,2681.52,524.42,2157.09,553.15
Senegal,1984,-6.88,-4,5269.55,3292.92,2592.56,487.15,2105.41,524.45
Senegal,1985,0.67,3.78,5468.71,3632.03,2790.59,516.08,2274.51,509.25
Senegal,1986,1.43,4.55,5717.78,5302.14,4038.44,736.04,3302.4,490.42
Senegal,1987,0.89,3.99,5946.2,6479.95,4690.04,883.2,3806.84,739.2
Senegal,1988,1.93,5.06,6246.88,7016.18,4804.82,903.09,3901.73,544.38
Senegal,1989,-4.33,-1.4,6159.13,6518.11,4770.6,872.7,3897.9,459.11
Senegal,1990,0.83,3.9,6399.59,8028.36,5581.5,1054.43,4527.08,522.44
Senegal,1991,-3.34,-0.4,6374.21,7748.27,5454.32,974.94,4479.38,602.46
Senegal,1992,-0.79,2.21,6515.31,8491.72,5863.15,1040.55,4822.6,645.71
Senegal,1993,-5.03,-2.22,6370.77,7651.22,5627.17,917.87,4709.3,568.89
Senegal,1994,0.02,2.87,6553.59,5130.91,3729.27,560.93,3168.34,431.47
Senegal,1995,1.97,4.73,6863.31,6305.51,4529.44,650.42,3879.01,664.51
Senegal,1996,2.59,5.22,7221.64,6554.71,4764.22,701.18,4063.05,594.44
Senegal,1997,0.66,3.12,7447.25,6045.78,4272.84,626.94,3645.9,691.1
Senegal,1998,3.44,5.9,7886.54,6508.79,4580.13,642.65,3937.47,780.49
Senegal,1999,8.56,11.12,8763.8,6954.02,4583.57,685.92,3897.66,920.44
Senegal,2000,-3.66,-1.35,8645.06,4685.62,4162.27,599.32,3562.95,958.72
Senegal,2001,2.1,4.58,9041.08,4881.03,4424.57,615.27,3809.3,897.6
Senegal,2002,-1.77,0.65,9100.28,5359.69,4997.4,711.04,4286.36,920.58
Senegal,2003,4.07,6.68,9708.47,6845.14,6149.52,889.97,5259.55,1524.81
Senegal,2004,3.24,5.87,10278.43,8033.34,7310.74,1081.21,6229.53,1737.21
Senegal,2005,2.96,5.62,10856.35,8700.4,7910.44,1156.81,6753.63,2130.41
Senegal,2006,-0.17,2.46,11123.59,9358.48,8681.65,1277.71,7403.93,2311.88
Senegal,2007,2.2,4.94,11672.92,11285.18,10511.8,1600.65,8911.15,3301.14
Senegal,2008,0.94,3.68,12102.78,13361.63,12707.22,1798.93,10908.29,4171.44
Senegal,2009,-0.32,2.42,12396.05,12771.71,12111.11,1823.48,10287.64,2817.53
Senegal,2010,1.36,4.18,12914.13,12914.13,12056.81,1912.95,10143.86,2846.38
Senegal,2011,-1.015694787,1.761119065,13141.56326,14352.02351,13324.18021,2230.574834,11093.60537,3660.441945
Senegal,2012,1.542785531,4.411197014,13721.2635,17672.05408,16329.41233,2629.76723,13699.6451,4351.583784
Senegal,2013,0.628746801,3.485217347,14199.47936,18918.94345,17379.11801,2834.738098,14544.37991,4553.098865
Senegal,2014,1.424028553,4.311051021,14811.62616,19802.35563,17625.11608,2917.802154,14707.31392,5125.005435
Senegal,2015,3.421430341,6.367043651,15754.68886,17776.56636,15451.86076,2541.920511,12909.94025,4592.275272
Senegal,2016,3.425092076,6.369684417,16758.21282,19035.05826,16298.72676,2670.862515,13627.86424,4827.609238
Senegal,2017,4.427846926,7.393737497,17997.27109,20989.1536,17637.08905,2861.655233,14775.43382,6258.036694
Senegal,2018,3.444678054,6.362771886,19142.39639,23246.54607,19263.15064,3195.751011,16067.39963,7350.92762
Senegal,2019,2.431326419,5.287257004,20154.50409,23579.08371,19433.89269,3368.163046,16065.72964,7556.907706
Senegal,2020,-3.34821479,-0.693772182,20014.67775,27549.16527,22890.82244,4074.279433,18816.543,8127.198014
Senegal,2021,2.312731221,5.076934593,21030.80984,31845.35647,25466.61097,4481.645843,20984.96512,9929.307551
Senegal,2022,3.280600841,6.027554875,22298.45345,34448.08358,26593.81382,4685.179234,21908.63459,11593.62468
Seychelles,1980,,,435.02,178.05,123.44,42.24,81.2,56.46
Seychelles,1981,-8.03,-6.64,406.12,184.61,131.15,48.85,82.3,48.12
Seychelles,1982,-2.77,-1.5,400.02,177.97,144.01,51.58,92.42,46.56
Seychelles,1983,-2.74,-1.71,393.18,176.65,147.66,48.17,99.49,31.36
Seychelles,1984,7.15,8.01,424.69,182.83,138.93,46.42,92.51,32.82
Seychelles,1985,9.69,10.29,468.39,204.08,156.72,58.51,98.22,38.34
Seychelles,1986,1,1.24,474.2,252.35,193.94,80.56,113.38,51.08
Seychelles,1987,4.37,4.38,494.97,301.19,228.05,72.61,155.45,49.27
Seychelles,1988,5.35,5.32,521.33,342.93,246.21,77.2,169.01,72.5
Seychelles,1989,10.04,10.29,574.96,368.31,265.71,84.08,181.62,83.69
Seychelles,1990,6.72,7.45,617.82,445.36,293.71,102.01,191.7,90.58
Seychelles,1991,1.5,2.74,634.77,452.34,304.29,105.57,198.72,83.53
Seychelles,1992,5.42,7.22,680.57,523.97,357.38,131.71,225.67,91.98
Seychelles,1993,4.16,6.18,722.66,567.01,387.55,139.86,247.69,134.55
Seychelles,1994,-2.62,-0.81,716.82,583.23,379.9,142.84,237.05,126.27
Seychelles,1995,-2.19,-0.62,712.37,614,388.81,149.1,239.71,154.16
Seychelles,1996,0.64,1.88,725.75,603.45,353.77,148.09,205.69,196.62
Seychelles,1997,13.96,15.08,835.18,680.19,445.04,166.32,278.72,179.63
Seychelles,1998,10.23,11.23,928.96,735.08,494.38,164.87,329.5,210.44
Seychelles,1999,0.87,1.94,946.93,751.59,553.44,143.97,409.47,189.57
Seychelles,2000,-17.25,-16.11,794.39,746.85,523.94,248.33,275.6,221.14
Seychelles,2001,-3.95,-2.27,776.35,746.28,563.38,255.64,307.74,324.64
Seychelles,2002,-0.79,1.22,785.79,837.92,629.91,271.69,358.21,275.24
Seychelles,2003,-7.8,-5.9,739.41,846.38,665.87,301.76,364.11,152.3
Seychelles,2004,-4.6,-2.84,718.42,839.32,717.8,324.64,393.16,155.83
Seychelles,2005,7.46,9.01,783.12,918.19,795.08,317.08,478.01,322.4
Seychelles,2006,8.33,9.41,856.78,1016.42,907.13,400.4,506.73,273.57
Seychelles,2007,9.73,10.42,946.04,1033.64,833.72,395.78,437.94,281.12
Seychelles,2008,-2.53,-2.14,925.79,967.21,893.25,264.04,629.21,237.84
Seychelles,2009,-1.49,-1.11,915.54,847.42,773.64,243.04,530.6,215.56
Seychelles,2010,5.41,5.95,969.97,969.97,836.13,263.72,572.41,343.25
Seychelles,2011,4.669079765,5.379,1022.148664,1018.426781,874.2484043,282.3904039,591.8580003,369.0392487
Seychelles,2012,2.873438907,3.679560562,1059.759243,1059.626928,877.6540086,295.1746397,582.4793689,424.1696155
Seychelles,2013,5.119031175,6.018076268,1123.536363,1327.847159,974.699614,241.9392677,732.7603463,455.6540536
Seychelles,2014,3.595228311,4.504785431,1174.149265,1343.102519,1037.712687,265.2988353,772.4138518,528.7068819
Seychelles,2015,4.094378332,4.937386459,1232.121552,1377.238104,996.2037031,279.9333735,716.2703296,507.6078113
Seychelles,2016,3.703781574,4.503031591,1287.604375,1426.619569,1083.328704,287.7874459,795.5412578,519.6510484
Seychelles,2017,3.68378661,4.450771469,1344.912703,1524.585272,1120.677896,314.053932,806.6239644,588.0379356
Seychelles,2018,3.075187443,3.8,1396.019386,1579.138658,1327.050759,361.1408569,965.9099024,475.4900805
Seychelles,2019,4.019266402,4.708114431,1461.745576,1701.985109,1341.25355,364.6546439,976.5989062,558.4806626
Seychelles,2020,-12.57331842,-12.02946773,1285.905363,1507.519544,1387.378826,422.7582069,964.6206187,654.7326413
Seychelles,2021,4.036412745,4.629866816,1345.441069,1539.322487,1416.106966,435.0886833,981.0182827,680.7838636
Seychelles,2022,5.225341484,5.776426603,1423.159485,1741.820174,1591.122094,486.2971757,1104.824918,751.3484762
Sierra Leone,1980,,,1724.68,1332.97,1131.99,89.26,1042.74,206.71
Sierra Leone,1981,1.7,3.97,1793.08,1428.7,1236.36,98.22,1138.13,199.03
Sierra Leone,1982,-0.43,1.75,1824.5,1606.46,1361.49,122.79,1238.7,194.81
Sierra Leone,1983,-2.3,-0.1,1822.65,1396.53,1133.35,94.36,1038.99,163.02
Sierra Leone,1984,1.89,4.36,1902.14,1711.51,1285.65,121.95,1163.69,165.44
Sierra Leone,1985,-0.3,2.33,1946.45,1376.4,1112.51,124.06,988.44,122.97
Sierra Leone,1986,-1.43,1.46,1974.86,965.57,833.89,91.55,742.34,95.02
Sierra Leone,1987,0.91,4.04,2054.55,819.11,751.83,64.7,687.12,63.31
Sierra Leone,1988,-0.46,2.47,2105.2,1283.89,1240.77,97.86,1142.92,102.54
Sierra Leone,1989,1.02,3.39,2176.65,1211.67,1113.36,109.87,1003.49,115.6
Sierra Leone,1990,2.07,3.64,2255.93,879.3,593.06,50.67,542.38,65.17
Sierra Leone,1991,-8.6,-7.99,2075.62,1055.73,714.01,74.88,639.13,72.76
Sierra Leone,1992,-9.63,-9.65,1875.4,920.35,598.18,57.8,540.38,88.01
Sierra Leone,1993,0.49,0.05,1876.42,1040.67,740.17,77.66,662.51,31.35
Sierra Leone,1994,3.96,3.5,1942.09,1234.19,837.88,92.45,745.42,79.09
Sierra Leone,1995,-9.9,-10.02,1747.4,1178.56,828.37,76.63,751.75,47.8
Sierra Leone,1996,-24.94,-24.79,1314.28,1274.62,853.76,92.18,761.58,94.33
Sierra Leone,1997,-18.03,-17.6,1083.02,1150.81,841.13,87.58,753.55,36.99
Sierra Leone,1998,-1.88,-0.84,1073.95,910.06,637.16,68.58,568.58,36.95
Sierra Leone,1999,-9.79,-8.12,986.73,906.03,648.29,66.37,581.92,23.3
Sierra Leone,2000,8.34,11.3,1098.27,860.65,936.06,112.06,824,94.52
Sierra Leone,2001,13.96,18.17,1297.82,1090.47,1186.01,182.19,1003.83,119.76
Sierra Leone,2002,21.03,26.42,1640.67,1253.32,1333.24,174.51,1158.72,147.76
Sierra Leone,2003,4.37,9.31,1793.47,1385.79,1438.78,163.89,1274.89,157.21
Sierra Leone,2004,2.03,6.6,1911.8,1448.54,1444.72,150.12,1294.6,151
Sierra Leone,2005,0.59,4.51,1997.93,1650.49,1629.83,163.17,1466.66,188.13
Sierra Leone,2006,0.94,4.22,2082.32,1885.11,1806.94,190.38,1616.57,192.84
Sierra Leone,2007,5.16,8.06,2250.11,2158.5,2111.98,186.63,1925.34,206.98
Sierra Leone,2008,2.92,5.4,2371.58,2505.46,2510.69,241.87,2268.82,241.89
Sierra Leone,2009,0.9,3.19,2447.19,2453.9,2505.34,257.98,2247.36,247.67
Sierra Leone,2010,3,5.35,2578.03,2578.03,2182.87,270.02,1912.84,804.07
Sierra Leone,2011,3.928883734,6.32,2740.957541,2942.454879,3654.164045,299.8701208,3354.293924,1233.760864
Sierra Leone,2012,12.61743364,15.18,3157.034896,3802.068404,3801.567912,387.8483852,3413.719527,1044.680208
Sierra Leone,2013,18.05731113,20.72,3811.172526,4915.622977,5723.651678,427.9438163,5295.707862,676.4544162
Sierra Leone,2014,2.27322796,4.555414276,3984.787223,5006.949709,5406.330057,357.7751949,5048.554863,685.4061537
Sierra Leone,2015,-22.20853232,-20.49281045,3168.192331,4252.249211,4778.44501,429.0344955,4349.410514,658.3786032
Sierra Leone,2016,4.077091196,6.354276498,3369.508032,3854.589507,4201.717732,456.1044504,3745.613282,737.8742284
Sierra Leone,2017,1.559419771,3.770926573,3496.569705,3733.028972,3863.292938,388.564218,3474.72872,690.352798
Sierra Leone,2018,1.271146992,3.458293577,3617.491351,4084.970012,4368.175227,377.4742816,3990.700945,605.7346139
Sierra Leone,2019,3.205966489,5.405829358,3813.04676,4118.900035,4470.466729,344.91971,4125.547019,535.5722066
Sierra Leone,2020,-4.710391732,-2.713084789,3709.595569,4480.539388,4753.844196,369.3103162,4384.53388,568.9782356
Sierra Leone,2021,0.995950931,3.076899893,3823.736111,4155.704875,4267.03731,340.5072135,3926.530096,598.1577108
Sierra Leone,2022,2.240604496,4.313875222,3988.687315,4194.373954,4270.882295,335.7410771,3935.141218,649.2662025
Somalia,1980,,,964.45,574.83,,,,
Somalia,1981,2.51,6.26,1024.86,667.86,,,,
Somalia,1982,1.26,2.77,1053.22,728.93,,,,
Somalia,1983,-11.72,-11.58,931.3,669.98,,,,
Somalia,1984,3.33,3.27,961.71,716.42,,,,
Somalia,1985,8.97,9.53,1053.36,809.79,,,,
Somalia,1986,-3.43,-2.15,1030.75,808.39,,,,
Somalia,1987,8.07,10.09,1134.73,912.65,,,,
Somalia,1988,-2.58,-0.55,1128.46,939.38,,,,
Somalia,1989,-1.97,-0.18,1126.47,974.19,,,,
Somalia,1990,-2.85,-1.6,1108.45,994.07,,,,
Somalia,1991,-1.67,-1,1097.36,613.95,,,,
Somalia,1992,-12.26,-12,965.68,583.25,,,,
Somalia,1993,-0.28,0,965.68,996.44,,,,
Somalia,1994,-21.61,-21,762.89,1126.31,,,,
Somalia,1995,-1.59,0,762.89,1122.24,,,,
Somalia,1996,1.32,3.9,792.64,1260.23,,,,
Somalia,1997,-5.81,-2.7,771.22,1482.01,,,,
Somalia,1998,-1.22,2.5,790.47,1926,,,,
Somalia,1999,-0.64,3.2,815.77,1904.43,,,,
Somalia,2000,-2.74,0.89,823,2052,1660,176,1484,420
Somalia,2001,-0.61,2.92,847,1303,1054,112,942,267
Somalia,2002,0.11,3.54,877,1219,987,105,882,250
Somalia,2003,0.22,3.53,908,1517,1257,136,1121,280
Somalia,2004,-0.23,2.97,935,1984,1647,179,1468,364
Somalia,2005,-0.13,2.99,963,2316,1877,201,1676,471
Somalia,2006,-0.63,2.39,986,2390,1937,207,1730,486
Somalia,2007,-0.29,2.64,1012,2483,2028,218,1810,489
Somalia,2008,-0.28,2.57,1038,2600,2112,226,1886,523
Somalia,2009,-0.21,2.6,1065,1247,1014,109,905,250
Somalia,2010,-0.15,2.63,1093,1093,889,95,794,218
Somalia,2011,0.136184527,2.9,1124.697,3499,3287,99,3188,228
Somalia,2012,-1.499637002,1.2,1138.193364,3611,5322.614,162.495,5160.119,538.039
Somalia,2013,-0.854961731,1.86,1159.363761,3892,5787.404,252.98,5534.424,576.016
Somalia,2014,-0.389966948,2.354,1186.655183,3964,5704.196,249.732,5454.464,503.428
Somalia,2015,0.65826723,3.46,1227.713453,4049,5765.776,242.94,5522.836,510.174
Somalia,2016,0.076528095,2.894,1263.24348,4198,6040.922,293.86,5747.062,537.344
Somalia,2017,-1.419352942,1.385,1280.739402,4509,6795.063,387.774,6407.289,635.769
Somalia,2018,-0.070294704,2.8,1316.600106,4721,7067.337,387.122,6680.215,684.545
Somalia,2019,0.003623373,2.9,1354.781509,4942,7408.058,400.302,7007.756,706.706
Somalia,2020,-4.29088938,-1.5,1334.459786,4918,7245.1976,372.7844,6872.4132,671.7988
Somalia,2021,-0.032877293,2.9,1373.15912,5365,7956.5096,423.6204,7532.8892,744.2328
Somalia,2022,0.244707456,3.2,1417.100212,5651,8430.433048,456.329552,7974.103496,796.022464
South Africa,1980,,,191860.08,83912.56,50024.78,11510.8,38513.98,24050.05
South Africa,1981,2.57,5.36,202145.2,86252.12,56816.54,12331.65,44484.88,27636.26
South Africa,1982,-3.08,-0.38,201370.27,79121.43,57234.16,12489.18,44744.99,19025.25
South Africa,1983,-4.52,-1.85,197651.87,88229.58,60555.61,13916.17,46639.44,20976.57
South Africa,1984,2.3,5.1,207730.28,78093.53,54852.64,13206.98,41645.65,18743.56
South Africa,1985,-3.74,-1.21,205213.75,59647.68,40403.02,10426.4,29976.62,11785.06
South Africa,1986,-2.42,0.02,205250.26,68114.61,47146.86,12299.62,34847.24,12477.3
South Africa,1987,-0.29,2.1,209562.11,89366.08,63721.56,16465.87,47255.69,13550.39
South Africa,1988,1.82,4.2,218363.81,96056.32,67888.73,17087.1,50801.64,18328.37
South Africa,1989,0.03,2.39,223593.31,99975.45,70844.71,18402.55,52442.16,20023.03
South Africa,1990,-2.68,-0.32,222882.77,116699.38,85897.38,22027.04,63870.34,19293.71
South Africa,1991,-3.43,-1.02,220613.14,125254.24,94171.27,23781.02,70390.25,20071.56
South Africa,1992,-4.55,-2.14,215898.54,135972.26,105993.32,26387.35,79605.96,19262.2
South Africa,1993,-1.22,1.23,218561.9,135860.72,105659.77,26180.48,79479.29,19953.85
South Africa,1994,0.87,3.23,225630.4,141457.38,109824.83,27177.82,82647.01,22828.1
South Africa,1995,0.95,3.12,232660.36,157434,122622.3,27687.21,94935.09,27173.02
South Africa,1996,2.32,4.31,242680.34,149744.16,116670.89,27449.03,89221.86,24857.71
South Africa,1997,0.86,2.65,249103.51,155038.93,122330.05,28625.03,93705.02,24760.63
South Africa,1998,-1.08,0.52,250392.33,139913.01,109928.58,25210.55,84718.03,22832.96
South Africa,1999,0.84,2.36,256296.9,138754.53,107912.29,24544.15,83368.14,21816.59
South Africa,2000,2.72,4.18,267000.63,133059.51,108594.18,23530.26,85063.92,20633.23
South Africa,2001,1.34,2.7,274209.64,118652.51,96657.42,21127.71,75529.71,17310.66
South Africa,2002,2.4,3.7,284356.43,115481.79,93931.8,20843.4,73088.4,17288.05
South Africa,2003,1.7,2.95,292742.31,175255.73,143838.56,32318.98,111519.58,27484.45
South Africa,2004,3.29,4.55,306075.44,228590.43,189844.47,42422.14,147422.33,39400.64
South Africa,2005,3.98,5.28,322227.2,257771.62,214594.73,48076.3,166518.43,44338.96
South Africa,2006,4.28,5.6,340284.19,271636.66,221489.79,53621.85,167867.94,54844.76
South Africa,2007,4.01,5.36,358525.03,299416.85,240581,56489.05,184091.95,62834.22
South Africa,2008,1.82,3.19,369965.72,286769.04,225028.67,52924,172104.67,66387.5
South Africa,2009,-2.9,-1.54,364275.32,295937.37,233463.77,57357.29,176106.47,61273.54
South Africa,2010,1.55,3.04,375348.32,375348.32,297446.79,75931.61,221515.19,73241.65
South Africa,2011,1.386752472,2.944247844,386399.5016,416417.0322,330925.8183,82709.69169,248216.1266,82121.35369
South Africa,2012,0.632322778,2.236330686,395040.6723,396329.3897,322952.739,80296.04375,242656.6953,79131.11847
South Africa,2013,0.85413556,2.4852503,404858.4218,366644.8914,297479.2651,75437.15902,222042.1061,77595.09573
South Africa,2014,0.246670453,1.847015396,412336.2191,350637.6437,284008.4214,72917.45278,211090.9686,71878.99727
South Africa,2015,-0.344984947,1.193722776,417258.3705,317577.7817,255311.3877,64958.58955,190352.7982,66430.78109
South Africa,2016,-1.067927253,0.399055295,418923.4621,296272.737,237952.6119,61600.96513,176351.6468,56768.63998
South Africa,2017,-0.012294302,1.414578095,424849.4617,349433.3717,279240.3926,72678.6559,206561.7367,65715.18678
South Africa,2018,-0.578071293,0.787023267,428193.1258,368135.4828,300824.7377,78347.4851,222477.2526,66044.97932
South Africa,2019,-1.157088537,0.152581984,428846.4713,351354.2373,287785.2166,74823.49685,212961.7198,61799.80279
South Africa,2020,-9.326250196,-8.164272642,393834.2762,288764.8437,230568.4943,72460.89521,158107.5991,48081.89555
South Africa,2021,1.696321024,2.953713811,405467.0136,316126.2621,256523.3036,80521.83293,176001.4707,51394.13325
South Africa,2022,0.361187942,1.554886457,411771.5653,340359.4973,287837.1949,79225.52808,208611.6668,52178.86896
South Sudan,1980,,,,0,,,,
South Sudan,1981,,,,0,,,,
South Sudan,1982,,,,0,,,,
South Sudan,1983,,,,0,,,,
South Sudan,1984,,,,0,,,,
South Sudan,1985,,,,0,,,,
South Sudan,1986,,,,0,,,,
South Sudan,1987,,,,0,,,,
South Sudan,1988,,,,0,,,,
South Sudan,1989,,,,0,,,,
South Sudan,1990,,,,0,,,,
South Sudan,1991,,,,0,,,,
South Sudan,1992,,,,0,,,,
South Sudan,1993,,,,0,,,,
South Sudan,1994,,,,0,,,,
South Sudan,1995,,,,0,,,,
South Sudan,1996,,,,0,,,,
South Sudan,1997,,,,0,,,,
South Sudan,1998,,,,0,,,,
South Sudan,1999,,,,0,,,,
South Sudan,2000,,,,,,,,
South Sudan,2001,,,,,,,,
South Sudan,2002,,,,,,,,
South Sudan,2003,,,,,,,,
South Sudan,2004,,,,,,,,
South Sudan,2005,,,,,,,,
South Sudan,2006,,,,,,,,
South Sudan,2007,,,,,,,,
South Sudan,2008,,,,,,,,
South Sudan,2009,,,,,,,,
South Sudan,2010,,,16800,,,,,
South Sudan,2011,-3.186370831,0.095626067,16816.06518,17186,9154.85295,2257.388356,6897.464594,1685.312909
South Sudan,2012,-53.75989595,-52.429,7999.570366,11266.81114,12853.79553,2170.34181,10683.45372,1209.408536
South Sudan,2013,26.31421444,29.329,10345.76436,14946.89183,13307.55524,2460.725492,10846.82975,1919.726603
South Sudan,2014,0.969361294,2.918,10647.65376,15383.3396,11453.71466,2782.259277,8671.455379,3295.476052
South Sudan,2015,-1.670806799,-0.173,10629.23332,14801.38372,13719.45804,3309.868972,10409.58907,1820.465183
South Sudan,2016,-14.40842208,-13.475,9196.944132,3500.527925,3368.653487,724.9430554,2643.710432,533.9425539
South Sudan,2017,-6.440793029,-5.765,8666.740303,3494.869904,4097.432165,914.085724,3183.346441,264.3632049
South Sudan,2018,-0.09666778,0.5,8710.074004,4659.034034,4909.08166,729.4243577,4179.657303,393.6696977
South Sudan,2019,6.563236138,7.4,9354.619481,4934.252757,4821.866772,684.903823,4136.962949,849.8991902
South Sudan,2020,-4.733438315,-3.6,9017.853179,4177.092945,4048.288754,552.7773779,3495.511376,281.487285
South Sudan,2021,-1.550421004,0.1,9026.871033,4574.62731,5181.690901,531.960448,4649.730453,470.2264271
South Sudan,2022,0.407982142,2.5,9252.542808,4978.099411,6056.847175,912.0677747,5144.7794,362.2037504
Sudan,1980,,,15037.8,6365.49,7457.45,1216.22,6241.24,1116.83
Sudan,1981,3.72,7.44,16156.25,7672.76,9034.68,1231.47,7803.21,1841.85
Sudan,1982,-1.45,2.06,16489.24,5807.46,8849.26,911.7,7937.56,1745.44
Sudan,1983,-8.23,-5.01,15663.31,5234.45,8117.21,802.16,7315.05,1248.95
Sudan,1984,-9.38,-6.28,14679.49,7061.69,9991.01,969.46,9021.56,857.82
Sudan,1985,2.03,5.41,15474.21,6623.77,12041.05,1537.87,10503.18,1182.65
Sudan,1986,10.7,14.22,17674.78,8978.23,14228.26,2204.15,12024.11,2294.33
Sudan,1987,-3.3,-0.33,17616.26,11623.57,18676.4,2633.49,16042.91,3112.6
Sudan,1988,5.67,8.93,19189.63,11542.3,13749.46,857.33,12892.13,1717.55
Sudan,1989,-8.43,-5.47,18139.95,11335.19,14453.58,861.82,13591.76,1746.5
Sudan,1990,3.93,7.51,19502.43,12637.47,12438.85,637.95,11800.9,841.56
Sudan,1991,2.78,6.58,20785.27,11327.85,10725.61,350.78,10374.83,958.85
Sudan,1992,0.69,4.57,21734.89,12115.51,5795.89,450.39,5345.5,749.79
Sudan,1993,-2.72,1.01,21953.6,12528.65,7193.94,349.85,6844.09,1179.8
Sudan,1994,2.32,6,23270.17,11884.3,7406.68,354.08,7052.6,1472.46
Sudan,1995,2.67,6,24665.71,12847.19,6380.88,434.3,5946.58,1464.25
Sudan,1996,2.98,5.92,26125.7,8377.2,8417.96,503.06,7914.9,1088.97
Sudan,1997,3.42,6.06,27708.25,10241.12,10630.08,632.41,9997.68,1841.28
Sudan,1998,5.74,8.24,29991.87,10924.15,10361.98,705.08,9656.9,2033.03
Sudan,1999,1.84,4.24,31262.08,10714.22,9897.52,694.69,9202.83,1802.52
Sudan,2000,13.05,15.8,36201.36,12341.49,11292.23,674.3,10617.93,1420.73
Sudan,2001,8.05,10.81,40113,15716.36,13622.08,1010.87,12611.21,2623.66
Sudan,2002,3.28,5.99,42515.66,18137.13,15336.65,1107.31,14229.35,3959.8
Sudan,2003,3.56,6.29,45190.26,21355.3,18698.69,1277.49,17421.2,3785.74
Sudan,2004,2.48,5.1,47494.97,26646.01,22897.01,2273.05,20623.97,5067.61
Sudan,2005,6.41,9,51769.51,35141.72,30129.55,3246.11,26883.44,8686.53
Sudan,2006,5.23,7.65,55731.22,45252.02,38644.57,4403.53,34241.04,11586.28
Sudan,2007,3.5,5.79,58956.37,59440.16,48382.37,4767.22,43615.15,13508.95
Sudan,2008,0.02,2.18,60242.5,64833.08,50438.85,5040.85,45397.99,13348.34
Sudan,2009,6.26,8.58,65412.76,60562.45,51071.04,5108.94,45962.1,12419.85
Sudan,2010,4.15,6.5,69664.59,69664.59,54090.26,5204.12,48886.15,15092.75
Sudan,2011,-5.037003353,-2.825,67696.56169,66448.11686,49628.32265,4668.316453,44960.00619,15457.37336
Sudan,2012,-18.94058782,-17.005,56184.76137,48947.7811,43279.22147,3158.133405,40121.08806,9654.49832
Sudan,2013,-0.453928957,1.963,57287.66824,52892.49368,47946.88991,3384.455494,44562.43441,9094.878949
Sudan,2014,2.1764214,4.671,59963.57522,60725.69265,55008.84164,3693.613364,51315.22828,9134.050353
Sudan,2015,-0.510970145,1.913,61110.67842,65266.00501,60517.4721,4029.798974,56487.67313,8359.331691
Sudan,2016,0.498098939,2.938,62906.11015,55562.99118,53313.51223,3116.887288,50196.62494,5190.250512
Sudan,2017,-0.743126306,1.663,63952.23876,45943.82264,36818.33397,1971.820333,34846.51364,10465.09618
Sudan,2018,-4.609505903,-2.3,62481.33727,35674.5925,29334.64067,3049.269758,26285.37091,7269.309588
Sudan,2019,-4.803989189,-2.5,60919.30384,32139.14631,28387.07491,1973.715561,26413.35934,5164.473359
Sudan,2020,-10.52459562,-8.359412802,55826.80775,28352.5929,24282.66129,1801.305393,22481.35589,5410.350981
Sudan,2021,-3.472710702,-1.139081727,55190.89479,27476.00728,22951.34822,1861.563074,21089.78515,5933.918421
Sudan,2022,-0.957562975,1.430135155,55980.19918,26971.2846,22262.01273,1995.19282,20266.81991,6324.771115
Tanzania,1980,,,8744.61,9342.21,4091.06,817.41,3273.65,2110.62
Tanzania,1981,-3.53,-0.5,8700.55,10777.05,4588.04,700.19,3887.86,2601.58
Tanzania,1982,-2.48,0.59,8752.08,11404.15,5100.41,764.87,4335.54,2553.15
Tanzania,1983,-5.36,-2.38,8544.09,11504.45,5182,780.77,4401.22,2126.92
Tanzania,1984,0.24,3.38,8833.1,10568.33,4586.79,758.56,3828.23,1649.78
Tanzania,1985,1.44,4.59,9238.61,11654.19,5166.04,927.18,4238.86,1888.09
Tanzania,1986,-1.14,1.89,9413.36,8232.88,3856.91,663.65,3193.26,1049.41
Tanzania,1987,1.85,4.93,9877.5,5768.88,2779.8,381.26,2398.54,735.17
Tanzania,1988,0.98,4.06,10278.53,6723.16,5066.3,705.69,4360.62,786.86
Tanzania,1989,0.84,3.99,10688.89,7180.6,4573.98,707.26,3866.72,799.03
Tanzania,1990,1.18,4.46,11166.09,6863.3,4204.3,756.97,3447.33,1112.03
Tanzania,1991,2.24,5.7,11802.74,7757.2,4809.97,938.72,3871.26,1305.33
Tanzania,1992,0.05,3.53,12219.08,6904.49,4586.67,903.62,3683.05,1253.05
Tanzania,1993,0.71,4.17,12728.39,6300.1,4453.52,825.41,3628.1,1069.76
Tanzania,1994,-0.21,3.03,13114.49,6501.95,4436.93,772.13,3664.81,1111.9
Tanzania,1995,0.57,3.56,13582,7574.89,5131.29,804.36,4326.93,1040.07
Tanzania,1996,1.48,4.2,14152.08,9363.64,6194.66,750.6,5444.06,1081.49
Tanzania,1997,0.84,3.32,14621.58,11075.53,7266.74,675.62,6591.12,1144.87
Tanzania,1998,1.34,3.72,15165.02,12081.81,8252.19,652.63,7599.56,1357.99
Tanzania,1999,2.41,4.84,15899.07,12393.1,8393.42,605.75,7787.67,1342.25
Tanzania,2000,3.34,5.92,16840.13,10174.34,9151.36,1188.4,7962.96,1710.87
Tanzania,2001,3.26,6,17850.18,10383.56,9016.04,1231.49,7784.54,1811.64
Tanzania,2002,4.29,7.16,19128.89,10805.6,9192.28,1420.2,7772.08,1857.48
Tanzania,2003,3.94,6.89,20446.15,11659.13,9919.77,1790,8129.78,2234.68
Tanzania,2004,4.82,7.83,22046.73,12825.8,10753.75,2168.04,8585.71,2894.76
Tanzania,2005,4.38,7.37,23671.55,16929.98,14184.26,2875.1,11309.16,3635.17
Tanzania,2006,1.75,4.66,24774.78,18610.46,15235.46,3321.58,11913.87,4846.08
Tanzania,2007,4.16,7.15,26545.7,21501.74,17183.32,3990.44,13192.88,7063.18
Tanzania,2008,2.61,5.57,28023.39,27388.32,21928.26,4409.96,17518.31,8785.12
Tanzania,2009,2.4,5.38,29531.71,28574.17,23939.15,4998.18,18940.98,7179.31
Tanzania,2010,3.31,6.36,31409.6,31409.6,26097.46,4622.9,21474.56,8573.57
Tanzania,2011,4.765099901,7.9,33890.95595,33877.90538,27794.09585,4683.212551,23110.8833,11261.1392
Tanzania,2012,2.018639633,5.1,35619.3947,39650.55631,29651.17983,4134.382054,25516.79778,13815.63126
Tanzania,2013,3.649737706,6.8,38041.51354,45680.53412,33408.66193,4588.885236,28819.77669,17116.77354
Tanzania,2014,3.544671252,6.7,40590.29495,49964.78858,35756.86143,4930.342466,30826.51897,18813.45132
Tanzania,2015,3.060221846,6.2,43106.89323,47378.60003,34960.64672,4703.245202,30257.40152,15520.30744
Tanzania,2016,3.743135719,6.9,46081.26886,49774.02193,35113.59938,4512.913228,30600.68615,16014.52618
Tanzania,2017,3.652078777,6.8,49214.79515,53226.71661,36149.00191,4525.937303,31623.0646,18121.2308
Tanzania,2018,3.858980746,7,52659.83081,56711.62727,36645.17794,4599.989601,32045.18834,22142.09191
Tanzania,2019,3.671284914,6.786250224,56233.45869,60810.46499,42489.89251,5493.061324,36996.83119,21213.08603
Tanzania,2020,-0.863169139,2.091436913,57409.54601,68827.91064,49098.08968,6218.53381,42879.55587,22374.94895
Tanzania,2021,1.138039438,4.125098728,59777.74646,72539.34681,51665.5768,6534.973753,45130.60304,23945.47025
Tanzania,2022,2.838985195,5.849172172,63274.24977,76915.35272,56186.47978,6816.190782,49370.289,24689.54624
Togo,1980,,,2136.12,1313.59,873.25,254.17,619.08,323.27
Togo,1981,-9.24,-6.19,2003.87,1103.14,797.84,183.64,614.21,229.27
Togo,1982,-7.12,-3.71,1929.58,953.58,716.36,157.03,559.33,175.29
Togo,1983,-8.65,-5.16,1830.08,857.67,617.74,132,485.74,157.72
Togo,1984,2.04,5.88,1937.71,810.45,625.23,113.05,512.18,108.02
Togo,1985,0.14,3.72,2009.74,859.89,701.88,99.5,602.39,126.81
Togo,1986,-0.12,3.26,2075.27,1219.88,985.31,186.25,799.06,199.77
Togo,1987,-5.54,-2.48,2023.72,1436.26,1145.88,225.26,920.62,220.34
Togo,1988,6.87,10.12,2228.6,1740.99,1281.07,185.67,1095.41,220.99
Togo,1989,1.24,4.1,2319.97,1708.23,1253.55,186.17,1067.38,223.51
Togo,1990,3.21,5.9,2456.79,2057.08,1388.89,231.25,1157.65,432.69
Togo,1991,-2.07,0.23,2462.35,2032.47,1457.72,280.74,1176.98,274.21
Togo,1992,-5.31,-3.28,2381.6,2131.36,1583.01,209.46,1373.55,265.99
Togo,1993,-18.06,-16.33,1992.72,1624.51,1236.37,198.45,1037.91,92.24
Togo,1994,11.4,13.93,2270.39,1259.12,871.22,129.26,741.96,147.82
Togo,1995,4.1,6.77,2424.12,1662.9,1163.29,158.73,1004.57,211.2
Togo,1996,4.63,7.66,2609.88,1817.56,1433.39,176.13,1257.26,191.19
Togo,1997,0.64,3.81,2709.28,1850.96,1587.45,154.37,1433.09,148.79
Togo,1998,-5.38,-2.29,2647.14,1751.79,1559.98,172.39,1387.59,243.49
Togo,1999,-0.56,2.62,2716.54,1754.99,1517.96,153.32,1364.63,217.96
Togo,2000,-1.79,1.17,2748.36,1488.19,1325.64,185.82,1139.81,344.57
Togo,2001,-1.93,0.82,2771,1481.14,1351.38,199.04,1152.34,347.34
Togo,2002,1.14,3.83,2877.03,1698.68,1493.89,179.65,1314.24,414.26
Togo,2003,4.05,6.72,3070.37,2111.09,1844.84,229.22,1615.62,532.51
Togo,2004,-3.46,-0.98,3040.32,2255.94,1999.58,248.95,1750.64,597.91
Togo,2005,-7.11,-4.67,2898.45,2280.58,2145.14,296.51,1848.62,492.56
Togo,2006,-0.04,2.65,2975.27,2349.5,2275.06,352.39,1922.68,456.57
Togo,2007,-3.8,-1.18,2940.3,2659.1,2568.56,362.36,2206.2,509.14
Togo,2008,1.27,4.06,3059.75,3310.28,3136.2,412.26,2723.95,648.54
Togo,2009,2.71,5.54,3229.19,3365.71,3093.75,385.43,2708.33,710.38
Togo,2010,3.28,6.1,3426.12,3426.12,3165.14,457.83,2707.32,739.57
Togo,2011,3.588078599,6.399130495,3645.360796,3867.391503,3678.617617,653.6197256,3024.997891,994.561775
Togo,2012,3.745898267,6.543507031,3883.895236,3576.581992,3402.003008,604.4706202,2797.532387,919.7754435
Togo,2013,3.352045495,6.112343078,4121.292237,4003.993372,3631.120677,612.6961745,3018.424502,933.4360597
Togo,2014,3.200931296,5.920588571,4365.296995,4324.014994,3901.360469,652.0408562,3249.319613,1279.196683
Togo,2015,3.069260956,5.742852749,4615.989573,3821.432715,3443.687129,632.1455361,2811.541593,1066.786825
Togo,2016,2.308765455,4.918372025,4843.021113,6029.96762,5526.746456,833.6431976,4693.103258,1291.165293
Togo,2017,1.89161274,4.449407392,5058.506852,6393.215165,5707.7887,821.6516566,4886.137043,1170.999859
Togo,2018,2.375272185,4.91014754,5306.887002,7115.425729,6453.12689,1062.922085,5390.204806,1288.597513
Togo,2019,2.938066413,5.459921448,5596.638864,7220.842169,6347.077876,989.6629182,5357.414958,1481.212682
Togo,2020,-2.003569912,0.37721599,5617.75028,4973.01594,4388.262282,684.6528693,3703.609413,1055.155558
Togo,2021,1.874578987,4.329864035,5860.991229,5551.630905,4957.607325,755.6956331,4201.911692,1173.217785
Togo,2022,3.121671098,5.585753896,6188.371775,6044.331897,5520.567274,819.0099714,4701.557302,1237.937986
Tunisia,1980,,,12669.44,9598.97,6644.75,1264.78,5379.98,2566.77
Tunisia,1981,2.67,5.52,13369.02,9253.65,6417.13,1246.79,5170.34,2724.56
Tunisia,1982,-3.28,-0.48,13304.61,8929.91,6417.8,1343.8,5074,2571.9
Tunisia,1983,1.71,4.68,13927.26,8892.06,6424.74,1365.36,5059.39,2371.77
Tunisia,1984,2.8,5.73,14725.25,8819.06,6402.15,1325.84,5076.32,2568.31
Tunisia,1985,2.86,5.66,15559.02,9233.65,6417.43,1433.14,4984.29,2536.55
Tunisia,1986,-4.46,-2,15247.67,9900.72,7260.71,1602.89,5657.81,2398.6
Tunisia,1987,2.42,4.91,15995.91,10646.09,7531.37,1643.3,5888.07,2276.87
Tunisia,1988,-0.69,1.62,16255.32,11084.74,7893.25,1674.2,6219.05,2091.35
Tunisia,1989,1.15,3.46,16818.09,11090.78,8107.69,1743.8,6363.89,2415.23
Tunisia,1990,4.71,7.08,18008.06,13519.51,9848.43,2014.16,7834.27,3333.13
Tunisia,1991,1.62,3.9,18711.02,14283.16,10271.99,2155.8,8116.19,3380.95
Tunisia,1992,5.48,7.81,20171.55,17014.07,12046.47,2479.67,9566.81,4524.14
Tunisia,1993,0.07,2.19,20612.78,16038.49,11435.43,2376.01,9059.42,4271.42
Tunisia,1994,1.2,3.18,21268.79,17163.87,12240.13,2552.72,9687.41,3852.7
Tunisia,1995,0.58,2.35,21768.29,19795.28,14280.62,2936.93,11343.7,4453.5
Tunisia,1996,5.51,7.15,23325.07,21504.39,14981.69,3046,11935.69,4899.49
Tunisia,1997,4.01,5.44,24593.81,20746.66,14364.91,2979.9,11385.01,4996.07
Tunisia,1998,3.7,4.96,25814.39,21802.98,15145.95,3100.32,12045.63,5329.58
Tunisia,1999,4.87,6.02,27367.67,22943.29,15794.49,3233.69,12560.8,5474.15
Tunisia,2000,3.29,4.31,28547.55,21473.49,16594.74,3579.86,13014.88,5561.38
Tunisia,2001,3.93,4.85,29932.04,22065.91,17153.88,3656.67,13497.21,5776.69
Tunisia,2002,0.9,1.7,30440.86,23141.75,18504.45,3986.54,14517.91,5510.32
Tunisia,2003,4.69,5.47,32106,27453.97,21990.62,4722.39,17268.23,6403.16
Tunisia,2004,5.15,5.96,34019.25,31183.97,24706.24,5277.06,19429.18,7266.43
Tunisia,2005,3.13,4,35380,32272.18,25400.53,5460.24,19940.29,6996.43
Tunisia,2006,4.68,5.65,37380.47,34376.66,26963.13,5743.99,21219.14,8061.16
Tunisia,2007,5.19,6.25,39718.03,38909.88,30434.42,6475.94,23958.48,9216
Tunisia,2008,3.36,4.46,41489.46,44855.07,34768.16,7236.99,27531.17,11449.74
Tunisia,2009,2.03,3.12,42784.96,43455.76,34177.33,7227.22,26950.11,10554.83
Tunisia,2010,1.9,2.96,44051.13,44051.13,35030.72,7319.97,27710.75,11290.93
Tunisia,2011,-2.873851095,-1.9,43214.16222,45811.16886,38651.68646,8246.302343,30405.38411,10579.53994
Tunisia,2012,2.893069624,3.9,44899.51454,45044.37679,38285.45731,8206.843198,30078.61412,11010.49475
Tunisia,2013,1.318271937,2.30790664,45935.75342,46248.46722,40135.00652,8622.828568,31512.17795,10514.82498
Tunisia,2014,1.375419213,2.395841926,47036.30146,47634.26238,41826.58895,8904.573033,32922.01592,11036.77669
Tunisia,2015,0.159534176,1.216499995,47608.49807,43172.42889,39250.11859,8437.437871,30812.68072,8611.678944
Tunisia,2016,0.000419659,1.10951703,48136.72246,41800.63446,38575.17241,8566.207849,30008.96456,7709.889667
Tunisia,2017,0.884225928,2.039955674,49118.69026,39805.70983,36808.68994,8314.207471,28494.48247,7918.092551
Tunisia,2018,1.526789256,2.696775121,50443.31088,39770.97886,36726.40855,7934.89157,28791.51698,8297.309398
Tunisia,2019,-0.136848986,0.981512519,50938.41829,38797.18844,36031.55945,7960.810373,28070.74907,6948.048186
Tunisia,2020,-9.71123267,-8.754666012,46478.9299,39056.31387,38695.18845,9191.533799,29503.65465,4747.005198
Tunisia,2021,1.027761286,2.029155708,47422.05976,40261.46984,37905.05229,9290.043784,28615.00851,4972.326818
Tunisia,2022,2.932089268,3.888386449,49266.0127,41137.4676,38191.43112,9088.298838,29103.13228,5310.717551
Uganda,1980,,,3161.34,3248.69,1250.01,235.31,1014.7,76.6
Uganda,1981,0.76,3.86,3283.35,3689.01,1342.3,181.96,1160.34,75
Uganda,1982,4.56,7.79,3539.22,4223.25,2178.5,243.5,1935,198
Uganda,1983,3.1,6.34,3763.79,4668.48,2186,228.67,1957.33,166
Uganda,1984,-7.63,-4.62,3589.92,4610.88,3380.37,396.86,2983.51,294.31
Uganda,1985,-3.58,-0.32,3578.54,4743.25,3257.05,510.13,2746.91,307.34
Uganda,1986,-1.92,1.52,3632.95,5403.03,3687.11,353.6,3333.52,331.39
Uganda,1987,2.7,6.4,3865.37,6044.5,6274.41,499.11,5775.3,609.29
Uganda,1988,4.03,7.81,4167.35,6911.25,6470.68,527.57,5943.11,702.47
Uganda,1989,3.18,6.9,4454.84,6104.15,5223.85,367.86,4856,587.6
Uganda,1990,2.57,6.18,4730.33,4317.9,4279.61,323.31,3956.3,546.83
Uganda,1991,1.98,5.51,4990.77,3500.3,3298.55,293.62,3004.92,503.95
Uganda,1992,1.2,4.63,5221.85,3759.19,2845.77,275.96,2569.81,455.45
Uganda,1993,3.63,7.06,5590.37,3885.27,3184.02,359.1,2824.92,490.98
Uganda,1994,7.35,10.8,6194.33,6109.85,3817.9,468.68,3349.22,585.87
Uganda,1995,6.07,9.39,6776.09,7148.43,5561.68,643.4,4918.28,714.41
Uganda,1996,3.09,6.22,7197.86,7244.06,5518.14,710.66,4807.48,1219.36
Uganda,1997,2.47,5.5,7593.7,7801.4,5596.07,833.24,4762.83,1139.67
Uganda,1998,6.2,9.32,8301.21,7493.4,6149.77,839.97,5309.8,1053.72
Uganda,1999,3.53,6.6,8849.34,7114.17,5618.8,811.83,4806.96,1179.61
Uganda,2000,1.58,4.66,9261.98,6110.28,5637.35,894.77,4742.59,1159.95
Uganda,2001,5.47,8.77,10073.84,6348.11,5941.01,976.45,4964.56,1195.96
Uganda,2002,3.75,7.06,10784.74,6676.04,6270.16,1042.6,5227.57,1311.47
Uganda,2003,2.84,6.16,11448.96,7058.73,6475.89,1045.73,5430.16,1461.34
Uganda,2004,2.49,5.8,12113.38,8436.15,7518.25,1223.92,6294.33,1833.08
Uganda,2005,6.58,10.01,13325.62,10041.34,8889.92,1370.93,7518.99,2164.95
Uganda,2006,3.73,7.05,14264.99,11010.39,10283.31,1470.05,8813.26,2281.96
Uganda,2007,4.71,8.06,15415.3,13548.08,11940.1,1513.88,10426.22,3113.45
Uganda,2008,7,10.43,17022.81,18201.25,15710.82,1751.13,13959.7,4757.61
Uganda,2009,3.56,6.89,18196.41,19057.17,16022.32,1637.69,14384.63,4907.66
Uganda,2010,4.78,8.17,19683.14,19683.14,17374.09,2281.33,15092.76,5027.85
Uganda,2011,2.5541352,5.870350358,20838.60981,21482.08602,18605.80538,2266.104586,16339.7008,6006.035797
Uganda,2012,0.387385074,3.631793594,21595.4251,30832.65608,26210.04655,3166.158236,23043.88831,8840.663099
Uganda,2013,-3.591944227,-0.423372978,21503.99591,23468.3145,18122.48257,929.7357665,17192.7468,6753.993135
Uganda,2014,4.77771004,8.350104228,23299.60198,37156.56457,31386.09711,2041.723984,29344.37312,9210.340235
Uganda,2015,2.885361633,6.547745415,24825.2006,27441.65718,22611.21984,2090.047981,20521.17186,6647.28261
Uganda,2016,-3.146360179,0.460968846,24939.63704,29562.59672,23128.43618,2323.432356,20805.00382,7328.214197
Uganda,2017,3.324418734,7.278770413,26754.93596,31371.27339,24835.48576,2615.604215,22219.88154,7677.909132
Uganda,2018,2.090429911,5.965198158,28350.92091,33826.59196,27449.64989,2766.730492,24682.9194,8458.083411
Uganda,2019,3.789076563,7.531100891,30486.05737,36821.20193,28674.25567,3122.548849,25551.70682,9190.364724
Uganda,2020,-3.659068164,-0.456931286,30346.75703,41630.78142,33504.45874,3979.482241,29524.9765,9905.155468
Uganda,2021,1.726374031,4.801058275,31803.72252,44937.30399,35926.34807,4046.303678,31880.04439,10744.92942
Uganda,2022,2.54849786,5.397818082,33520.42961,48943.84964,39104.22503,4054.14449,35050.08054,11779.53653
Zambia,1980,,,7519.62,4314.87,3136.3,991.04,2145.27,904.44
Zambia,1981,-4.16,-0.82,7457.74,4016.12,3735.35,1133.88,2601.48,774.28
Zambia,1982,-0.96,2.48,7642.55,4275.41,3562.64,1072.3,2490.34,649.15
Zambia,1983,-0.49,2.94,7867.51,3992.3,2817.08,801.27,2015.81,456.71
Zambia,1984,-3.84,-0.58,7821.51,3194.06,2270.2,683.93,1586.26,399.3
Zambia,1985,-3.22,-0.02,7819.84,2772.26,1934.2,537.23,1396.98,335.39
Zambia,1986,-0.56,2.65,8027.23,2105.41,1296.54,446.97,849.57,396.3
Zambia,1987,-0.4,2.75,8248,2108.49,1891.38,462.11,1429.27,288
Zambia,1988,-1.08,1.95,8408.56,3470.83,3049.74,554.37,2495.37,412.92
Zambia,1989,-1.91,0.95,8488.85,3955.74,3843.36,548.32,3295.04,431.72
Zambia,1990,-1.97,0.75,8552.4,3794.81,3121.8,711.99,2409.81,646.54
Zambia,1991,-4.45,-1.96,8385.15,3376.81,3093.9,1074.48,2019.42,372
Zambia,1992,-4.11,-1.73,8240.01,3307.31,3296.7,496.46,2800.24,393.3
Zambia,1993,4.27,6.8,8800.1,3273.51,3004.67,603.29,2401.38,492.42
Zambia,1994,-10.82,-8.63,8041.05,3656.87,2892.04,438.63,2453.41,482.01
Zambia,1995,0.33,2.9,8274.06,3807,3054.6,537.02,2517.58,553.38
Zambia,1996,3.45,6.22,8788.58,3597.23,3097.1,597.39,2499.71,420.1
Zambia,1997,1.02,3.81,9123.78,4303.32,3492.47,683.12,2809.34,569.82
Zambia,1998,-3.1,-0.39,9088.59,3537.73,2954.71,510.99,2443.72,530.66
Zambia,1999,1.82,4.65,9511.22,3404.29,2954.12,404.33,2549.78,507.2
Zambia,2000,1.15,3.9,9881.92,3600.63,3487.42,308.71,3178.71,564.72
Zambia,2001,2.6,5.32,10407.31,4094.45,3994.95,369.59,3625.37,691.1
Zambia,2002,1.84,4.51,10876.26,4193.84,3868.03,440.1,3427.93,813.82
Zambia,2003,4.24,6.95,11631.63,4901.87,4361.44,604.99,3756.44,1106.68
Zambia,2004,4.31,7.03,12449.62,6221.11,4986.11,936,4050.12,1354.81
Zambia,2005,4.47,7.24,13350.4,8331.86,6782.6,1326.6,5456,1699.35
Zambia,2006,5.09,7.9,14405.59,12756.95,8997.51,1214.45,7783.06,3465.95
Zambia,2007,5.5,8.35,15608.79,14056.88,10151.79,1121.09,9030.71,3931.62
Zambia,2008,4.88,7.77,16822.22,17911.05,12510.77,1855.84,10654.94,5955.97
Zambia,2009,6.19,9.22,18373.27,15328.31,10540.96,1530.16,9010.8,4805.34
Zambia,2010,7.13,10.3,20265.4,20265.4,12110.82,1900.82,10210,6054.8
Zambia,2011,2.423755644,5.564516129,21393.07536,23459.68987,13655.55905,2403.632136,11251.92692,7892.857951
Zambia,2012,4.310142558,7.597519527,23018.41843,25503.29097,16181.05533,3034.228494,13146.82683,8098.552935
Zambia,2013,1.811893262,5.05938096,24183.00791,28045.58391,18356.46747,3417.163469,14939.304,9546.301122
Zambia,2014,1.474459215,4.691692821,25317.60036,27150.58303,17506.60118,3943.325654,13563.27552,9250.007169
Zambia,2015,-0.184138469,2.924280437,26057.95799,21243.4549,13337.32013,3139.910557,10197.40958,9093.276812
Zambia,2016,0.682800678,3.752208935,27035.70702,20941.35942,13633.45095,3365.667756,10267.78319,8000.901744
Zambia,2017,0.684168088,3.7,28036.02818,25895.26375,15702.39799,3549.34555,12153.05244,10606.75297
Zambia,2018,1.014510848,4,29157.46931,26216.36501,15779.05336,3343.901423,12435.15194,10167.23502
Zambia,2019,-1.491504622,1.4,29565.67388,23310.34672,14046.41401,4122.148918,9924.265092,9151.770935
Zambia,2020,-7.607966216,-4.902965202,28116.07918,21969.68849,12100.0109,3752.79676,8347.214145,9311.624694
Zambia,2021,-1.824804816,1.041294158,28408.85027,22122.47743,11697.70993,3563.755375,8133.954556,9594.891786
Zambia,2022,-0.974112157,1.902265855,28949.26213,22929.22892,12145.87505,3599.83596,8546.039087,9905.606804
Zimbabwe,1980,,,4751.94,7147.65,4493,1050.33,3442.67,1005.34
Zimbabwe,1981,8.61,12.53,5347.14,8599.42,5407.19,1105.49,4301.7,1486.54
Zimbabwe,1982,-1.01,2.63,5487.99,9166.52,5801.74,1352.95,4448.79,1451.75
Zimbabwe,1983,-2.06,1.59,5575,8333.93,5429.98,1144.04,4285.94,989.06
Zimbabwe,1984,-5.43,-1.91,5468.66,6818.38,4100.17,1084.68,3015.48,964.6
Zimbabwe,1985,3.15,6.94,5848.43,7547.81,4620.63,1138.92,3481.71,1005.04
Zimbabwe,1986,-1.45,2.13,5972.93,8323.69,4938.47,1283.8,3654.68,1121.75
Zimbabwe,1987,-2.36,1.11,6039.26,9024.83,5548.33,1575.12,3973.21,1007.08
Zimbabwe,1988,4.04,7.55,6495.42,10461.54,6088.26,2148.06,3940.2,1461.46
Zimbabwe,1989,2.06,5.22,6834.22,11063.31,6886.52,1544.41,5342.1,1242.47
Zimbabwe,1990,4.13,6.98,7311.47,11737.75,7237.25,1704.82,5532.43,1523.24
Zimbabwe,1991,3.07,5.52,7715.25,10952.08,6707.67,1318.6,5389.07,1740.95
Zimbabwe,1992,-8.9,-7.03,7172.69,9031.46,6058.33,1629.59,4428.74,1311.69
Zimbabwe,1993,0.34,2.11,7324.06,8773.06,5492.51,979.41,4513.09,1173.14
Zimbabwe,1994,4.21,5.8,7748.92,9224.03,5025,1150.1,3874.9,1996.66
Zimbabwe,1995,-1.15,0.16,7761.51,9576.46,5523.95,1280.95,4243,1819.55
Zimbabwe,1996,8.49,9.73,8517.01,11656.61,6916.32,1448.89,5467.43,1775.26
Zimbabwe,1997,0.45,1.43,8638.45,11992.24,7730.28,1447.4,6282.88,1814.04
Zimbabwe,1998,-0.31,0.49,8680.97,8401.38,4902.45,957.5,3944.94,1467.41
Zimbabwe,1999,-4.21,-3.6,8368.7,7985.3,4954.55,808.53,4146.01,913.5
Zimbabwe,2000,65.04,65.86,13880.37,9815.6,9280.67,515.05,8765.62,639.98
Zimbabwe,2001,-0.57,-0.21,13850.76,9732.46,9533.29,503.92,9029.37,336.59
Zimbabwe,2002,-6.17,-5.93,13028.93,9291.76,8746.51,428.56,8317.95,693.91
Zimbabwe,2003,-7.62,-7.4,12064.68,8286.79,7587.82,493.2,7094.62,715.46
Zimbabwe,2004,-3.92,-3.62,11627.91,8192.73,8071.19,852.56,7218.63,777.47
Zimbabwe,2005,-4.5,-4.05,11157.24,7829.78,7645.51,348.89,7296.62,569.27
Zimbabwe,2006,-4.25,-3.62,10752.92,7047.08,6961.94,125,6836.94,552.6
Zimbabwe,2007,-4.06,-3.27,10401.44,6738.23,6357.42,313.08,6044.34,497.68
Zimbabwe,2008,-10.83,-9.93,9369.03,5805.44,5674.6,33.01,5641.59,130.84
Zimbabwe,2009,6.14,7.4,10062.34,9666,9927,913,9014,1232
Zimbabwe,2010,18.06,19.67,12042,12042,11831,1844,9987,2259
Zimbabwe,2011,12.45280473,14.19391287,13751.23099,14102,14449,2647,11802,2454
Zimbabwe,2012,14.70105985,16.66542879,16042.9326,17114.84988,19507.34336,3423.989494,16083.35386,1687.006841
Zimbabwe,2013,0.192518899,1.989493,16362.10562,19091.01999,20135.58472,3520.135408,16615.44932,1758.183494
Zimbabwe,2014,0.596133697,2.376929384,16751.02131,19495.51963,20113.93689,3813.378852,16300.55804,1879.21675
Zimbabwe,2015,0.100647526,1.779872653,17049.16816,19963.12061,21638.58919,3768.540612,17870.04858,2003.42702
Zimbabwe,2016,-0.848159584,0.7,17168.51234,20548.67807,20850.86504,3724.229586,17126.63546,2026.381291
Zimbabwe,2017,3.187017473,4.704,17976.11916,22040.9023,22263.52926,4772.171591,17491.35767,2138.449666
Zimbabwe,2018,2.047584884,3.497,18604.74405,24201.18315,24587.09004,6228.315843,18358.7742,2282.487586
Zimbabwe,2019,-7.326458397,-6,17488.4594,20706.4474,19475.14585,2221.494474,17253.65137,1362.732006
Zimbabwe,2020,-11.32810153,-10.01150063,15737.60218,17942.11857,17378.899,2113.138653,15265.76034,901.9079702
Zimbabwe,2021,2.570615685,4.152673559,16391.13342,19003.33811,18486.90774,2196.948197,16289.95954,981.9763951
Zimbabwe,2022,1.399659743,3.007154013,16884.04005,19681.90789,19219.78812,2279.464963,16940.32316,1063.478646
